"(abdelal01,BOS)"
"(abdelal01,MIL)"
"(abdelal01,PHI)"
"(abdelal01,POR)"
"(abdelal01,SAC)"
"(abdulma02,DEN)"
"(abdulma02,SAC)"
"(abdulta01,DEN)"
"(abdulta01,ORL)"
"(abdulta01,SAC)"
"(abdursh01,MEM)"
"(acresma01,HOU)"
"(acresma01,ORL)"
"(acresma01,WAS)"
"(adamsmi01,CHO)"
"(adamsmi01,DEN)"
"(adamsmi01,WAS)"
"(addisra01,BRK)"
"(addisra01,CHO)"
"(addisra01,DET)"
"(aguirma01,DET)"
"(aguirma01,LAC)"
"(aingeda01,PHO)"
"(aingeda01,POR)"
"(alarima01,WAS)"
"(alexaco01,DEN)"
"(alexaco01,SAS)"
"(alexaga01,CLE)"
"(alexaga01,MIA)"
"(alexavi01,GSW)"
"(alforst01,DAL)"
"(allenje01,DEN)"
"(allenje01,IND)"
"(allenje01,MIN)"
"(allenra02,MIL)"
"(alstode01,ATL)"
"(alstode01,PHI)"
"(alstora01,MIL)"
"(alumape01,SAC)"
"(amaecjo01,CLE)"
"(amaecjo01,ORL)"
"(amayaas01,MEM)"
"(amayaas01,WAS)"
"(anderde01,CLE)"
"(anderde01,LAC)"
"(anderer01,NYK)"
"(andergr01,ATL)"
"(andergr01,BRK)"
"(andergr01,DEN)"
"(andergr01,DET)"
"(andergr01,MIL)"
"(andergr01,SAS)"
"(anderke01,BOS)"
"(anderke01,BRK)"
"(anderke01,CHO)"
"(anderke01,POR)"
"(anderni01,ORL)"
"(anderni01,SAC)"
"(anderro01,BRK)"
"(anderro01,PHI)"
"(anderro01,WAS)"
"(andersh01,HOU)"
"(andersh01,UTA)"
"(anderwi01,MIA)"
"(anderwi01,NYK)"
"(anderwi01,SAS)"
"(anderwi01,TOR)"
"(anslemi01,CHO)"
"(anslemi01,ORL)"
"(anslemi01,PHI)"
"(anstech01,CHI)"
"(anstech01,DAL)"
"(anthogr01,MEM)"
"(anthogr01,NYK)"
"(anthogr01,OKC)"
"(anthogr01,POR)"
"(armstbj01,CHI)"
"(armstbj01,CHO)"
"(armstbj01,GSW)"
"(armstbj01,ORL)"
"(armstda01,ORL)"
"(artesro01,CHI)"
"(askewvi01,BRK)"
"(askewvi01,DEN)"
"(askewvi01,GSW)"
"(askewvi01,IND)"
"(askewvi01,OKC)"
"(askewvi01,POR)"
"(askewvi01,SAC)"
"(askinke01,MIA)"
"(atkinch01,ORL)"
"(augmost01,ATL)"
"(augmost01,DET)"
"(augmost01,POR)"
"(austiis01,LAC)"
"(austiis01,MIA)"
"(austiis01,ORL)"
"(austiis01,PHI)"
"(austiis01,UTA)"
"(austiis01,WAS)"
"(aventan01,LAC)"
"(aventan01,MEM)"
"(aventan01,MIL)"
"(aventan01,ORL)"
"(aventan01,UTA)"
"(averywi01,MIN)"
"(babicmi01,CLE)"
"(babicmi01,MIA)"
"(baglejo01,ATL)"
"(baglejo01,BOS)"
"(baileth01,MIN)"
"(baileth01,UTA)"
"(baileto01,PHO)"
"(bakerla01,TOR)"
"(bakervi01,MIL)"
"(bakervi01,OKC)"
"(ballce01,LAC)"
"(bannike01,LAC)"
"(bardost01,DAL)"
"(bardost01,DET)"
"(bardost01,SAS)"
"(barklch01,HOU)"
"(barklch01,PHI)"
"(barklch01,PHO)"
"(barroda01,BOS)"
"(barroda01,OKC)"
"(barroda01,PHI)"
"(barrybr01,CHI)"
"(barrybr01,LAC)"
"(barrybr01,MIA)"
"(barrybr01,OKC)"
"(barrydr01,ATL)"
"(barrydr01,GSW)"
"(barrydr01,OKC)"
"(barryjo01,ATL)"
"(barryjo01,GSW)"
"(barryjo01,LAL)"
"(barryjo01,MIL)"
"(barryjo01,SAC)"
"(battito01,BOS)"
"(battito01,DEN)"
"(battljo01,ATL)"
"(battljo01,CLE)"
"(battlke01,BOS)"
"(battlke01,DEN)"
"(battlke01,GSW)"
"(battlke01,PHO)"
"(bazarse01,ATL)"
"(beckco01,CHO)"
"(beckco01,DET)"
"(bedfowi01,DET)"
"(bedfowi01,SAS)"
"(bendejo01,IND)"
"(benjabe01,BRK)"
"(benjabe01,CLE)"
"(benjabe01,LAC)"
"(benjabe01,LAL)"
"(benjabe01,MEM)"
"(benjabe01,MIL)"
"(benjabe01,OKC)"
"(benjabe01,PHI)"
"(benjabe01,TOR)"
"(benjaco01,CHI)"
"(benneel01,CLE)"
"(benneel01,DEN)"
"(benneel01,HOU)"
"(benneel01,PHI)"
"(bennema01,CHI)"
"(bennema01,LAC)"
"(bennema01,LAL)"
"(bennema01,PHO)"
"(benneto01,CHO)"
"(bennewi01,CLE)"
"(bennewi01,MIA)"
"(benoida01,BRK)"
"(benoida01,ORL)"
"(benoida01,UTA)"
"(besttr01,IND)"
"(bibbymi01,MEM)"
"(billuch01,BOS)"
"(billuch01,DEN)"
"(billuch01,TOR)"
"(birdla01,BOS)"
"(blackal01,LAL)"
"(blackja01,BOS)"
"(blackja01,CHO)"
"(blackro01,DAL)"
"(blackro01,NYK)"
"(blankla01,DET)"
"(blankla01,MIN)"
"(blantri01,CHI)"
"(blaylmo01,ATL)"
"(blaylmo01,BRK)"
"(blaylmo01,GSW)"
"(blounco01,CHI)"
"(blounco01,CLE)"
"(blounco01,LAL)"
"(blounco01,PHO)"
"(boguemu01,CHO)"
"(boguemu01,GSW)"
"(boguemu01,TOR)"
"(bohanet01,IND)"
"(bohanet01,LAC)"
"(bohanet01,NYK)"
"(bohanet01,WAS)"
"(bolma01,GSW)"
"(bolma01,MIA)"
"(bolma01,PHI)"
"(bolma01,WAS)"
"(bondwa01,DAL)"
"(bondwa01,DET)"
"(bondwa01,UTA)"
"(boneyde01,PHO)"
"(bonnean01,NYK)"
"(bonnean01,ORL)"
"(bonnean01,SAC)"
"(bookeme01,DEN)"
"(bookeme01,GSW)"
"(bookeme01,HOU)"
"(boothca01,WAS)"
"(boothke01,CHI)"
"(borrela01,OKC)"
"(bowdlca01,ATL)"
"(bowenbr01,BOS)"
"(bowenbr01,MIA)"
"(bowenbr01,PHI)"
"(bowenry01,DEN)"
"(bowiean01,NYK)"
"(bowiean01,ORL)"
"(bowiesa01,BRK)"
"(bowiesa01,LAL)"
"(bowmair01,PHI)"
"(boycedo01,ATL)"
"(boykiea01,BRK)"
"(boykiea01,CLE)"
"(boykiea01,ORL)"
"(bradlsh01,BRK)"
"(bradlsh01,DAL)"
"(bradlsh01,PHI)"
"(bradtma01,PHI)"
"(braggma01,MIN)"
"(bramlaj01,CLE)"
"(brandel01,CHI)"
"(brandte01,CLE)"
"(brandte01,MIL)"
"(brandte01,MIN)"
"(breauti01,HOU)"
"(breauti01,MIL)"
"(breuera01,ATL)"
"(breuera01,MIN)"
"(breuera01,SAC)"
"(brickfr01,BOS)"
"(brickfr01,CHO)"
"(brickfr01,MIL)"
"(brickfr01,OKC)"
"(brookke01,DEN)"
"(brooksc01,CLE)"
"(brooksc01,DAL)"
"(brooksc01,HOU)"
"(brooksc01,MIN)"
"(brooksc01,NYK)"
"(brownch01,ATL)"
"(brownch01,BRK)"
"(brownch01,CHO)"
"(brownch01,CLE)"
"(brownch01,DAL)"
"(brownch01,HOU)"
"(brownch01,LAL)"
"(brownch01,MIL)"
"(brownch01,PHO)"
"(brownch01,SAS)"
"(brownde01,BOS)"
"(brownde01,TOR)"
"(brownge02,PHO)"
"(brownma01,DET)"
"(brownma01,POR)"
"(brownmi01,MIN)"
"(brownmi01,PHI)"
"(brownmi01,PHO)"
"(brownmi01,UTA)"
"(brownmy01,MIN)"
"(brownpj01,BRK)"
"(brownpj01,MIA)"
"(brownra02,CHI)"
"(brownra02,SAC)"
"(brownto01,LAC)"
"(brownto01,LAL)"
"(brownto01,OKC)"
"(brownto01,UTA)"
"(brunsri01,NYK)"
"(brunsri01,POR)"
"(bryanko01,LAL)"
"(bryanma01,CHI)"
"(bryanma01,CLE)"
"(bryanma01,HOU)"
"(bryanma01,PHO)"
"(bryanma01,POR)"
"(buckngr01,DAL)"
"(buechju01,BRK)"
"(buechju01,CHI)"
"(buechju01,DET)"
"(buechju01,GSW)"
"(buechju01,SAS)"
"(buforro01,MIA)"
"(bullama01,ATL)"
"(bullama01,HOU)"
"(burnsev01,SAC)"
"(burresc01,BRK)"
"(burresc01,CHI)"
"(burresc01,CHO)"
"(burresc01,GSW)"
"(burroju01,BOS)"
"(burtowi01,ATL)"
"(burtowi01,CHO)"
"(burtowi01,MIA)"
"(burtowi01,PHI)"
"(burtowi01,SAS)"
"(burttst01,PHO)"
"(burttst01,WAS)"
"(butlegr01,LAC)"
"(butlemi02,CLE)"
"(butlemi02,POR)"
"(butlemi02,WAS)"
"(caffeja01,CHI)"
"(caffeja01,GSW)"
"(cagemi01,BRK)"
"(cagemi01,CLE)"
"(cagemi01,OKC)"
"(cagemi01,PHI)"
"(caldwad01,BRK)"
"(caldwad01,DAL)"
"(caldwad01,HOU)"
"(caldwad01,IND)"
"(caldwad01,PHI)"
"(calipde01,LAL)"
"(callori01,SAC)"
"(cambrde01,DAL)"
"(cambyma01,NYK)"
"(cambyma01,TOR)"
"(campbel01,CHO)"
"(campbel01,LAL)"
"(campbto01,CLE)"
"(campbto01,DAL)"
"(campbto01,MIN)"
"(campbto01,NYK)"
"(carran01,HOU)"
"(carran01,MEM)"
"(carran01,SAC)"
"(carran01,SAS)"
"(carran01,UTA)"
"(carrch01,BRK)"
"(carrch01,CHI)"
"(carrch01,GSW)"
"(carrch01,MIN)"
"(carrch01,PHO)"
"(carrco01,CHI)"
"(carrojo01,PHO)"
"(carruji01,MIL)"
"(cartean01,MIA)"
"(cartevi01,TOR)"
"(cartwbi01,CHI)"
"(cartwbi01,OKC)"
"(cassesa01,BRK)"
"(cassesa01,DAL)"
"(cassesa01,HOU)"
"(cassesa01,MIL)"
"(cassesa01,PHO)"
"(catlete01,ORL)"
"(catoke01,HOU)"
"(catoke01,POR)"
"(causwdu01,MIA)"
"(causwdu01,SAC)"
"(cebalce01,DAL)"
"(cebalce01,LAL)"
"(cebalce01,PHO)"
"(celesjo01,LAL)"
"(chambto01,CHO)"
"(chambto01,PHI)"
"(chambto01,PHO)"
"(chambto01,UTA)"
"(chapmre01,CHO)"
"(chapmre01,MIA)"
"(chapmre01,PHO)"
"(chapmre01,WAS)"
"(cheanca01,BOS)"
"(cheanca01,WAS)"
"(cheekma01,ATL)"
"(cheekma01,BRK)"
"(cheekma01,NYK)"
"(chievde01,CLE)"
"(chilcpe01,CLE)"
"(chilcpe01,DET)"
"(chilcpe01,HOU)"
"(chilcpe01,LAC)"
"(chilcpe01,MEM)"
"(chilcpe01,SAC)"
"(chilcpe01,UTA)"
"(childch01,BRK)"
"(childch01,NYK)"
"(childra01,DET)"
"(childra01,POR)"
"(chrisdo01,LAL)"
"(chrisdo01,NYK)"
"(chrisdo01,TOR)"
"(churcro01,GSW)"
"(clarkke01,DEN)"
"(claxtch01,BOS)"
"(closske01,LAC)"
"(cofferi01,MIN)"
"(cokerjo01,PHO)"
"(cokerjo01,WAS)"
"(colembe01,DET)"
"(colemde01,BRK)"
"(colemde01,CHO)"
"(colemde01,PHI)"
"(colesbi01,ATL)"
"(colesbi01,GSW)"
"(colesbi01,MIA)"
"(collija01,LAC)"
"(coltest01,CLE)"
"(coltest01,SAC)"
"(conloma01,BOS)"
"(conloma01,CHO)"
"(conloma01,LAC)"
"(conloma01,MIA)"
"(conloma01,MIL)"
"(conloma01,OKC)"
"(conloma01,SAC)"
"(conloma01,WAS)"
"(connele01,BRK)"
"(connele01,IND)"
"(connele01,LAC)"
"(connele01,LAL)"
"(connele01,MIL)"
"(cookan01,DEN)"
"(cookan01,MIL)"
"(cookan01,ORL)"
"(cookan01,POR)"
"(coopedu01,LAL)"
"(coopedu01,PHO)"
"(coopewa01,POR)"
"(copato01,SAS)"
"(copella01,LAC)"
"(corbity01,ATL)"
"(corbity01,MIA)"
"(corbity01,MIN)"
"(corbity01,SAC)"
"(corbity01,UTA)"
"(corchch01,BOS)"
"(corchch01,ORL)"
"(corchch01,WAS)"
"(corzida01,OKC)"
"(cottoja02,OKC)"
"(courtjo01,CHI)"
"(courtjo01,CLE)"
"(courtjo01,GSW)"
"(courtjo01,MIL)"
"(courtjo01,PHI)"
"(courtjo01,PHO)"
"(courtjo01,SAS)"
"(crawfch01,ATL)"
"(croshau01,IND)"
"(crottjo01,CLE)"
"(crottjo01,DET)"
"(crottjo01,MIA)"
"(crottjo01,OKC)"
"(crottjo01,POR)"
"(crottjo01,UTA)"
"(crowdco01,SAS)"
"(crowdco01,UTA)"
"(cummipa01,UTA)"
"(cummite01,GSW)"
"(cummite01,MIL)"
"(cummite01,NYK)"
"(cummite01,OKC)"
"(cummite01,PHI)"
"(cummite01,SAS)"
"(cummivo01,GSW)"
"(cunniwi01,BRK)"
"(cunniwi01,PHI)"
"(cunniwi01,TOR)"
"(cunniwi01,UTA)"
"(curcira01,DAL)"
"(curetea01,CHO)"
"(curetea01,HOU)"
"(curetea01,TOR)"
"(curlebi01,DET)"
"(curlebi01,GSW)"
"(curlebi01,HOU)"
"(curlebi01,MIN)"
"(curryde01,CHO)"
"(curryde01,MIL)"
"(curryde01,TOR)"
"(currymi01,DET)"
"(currymi01,MIL)"
"(currymi01,PHI)"
"(currymi01,WAS)"
"(cvetkra01,DEN)"
"(dailequ01,OKC)"
"(dampier01,GSW)"
"(dampier01,IND)"
"(daniean01,MEM)"
"(daniean01,SAS)"
"(daniell01,BRK)"
"(daniell01,LAL)"
"(daniell01,PHI)"
"(daniell01,SAC)"
"(daniell01,SAS)"
"(daniell01,TOR)"
"(danilsa01,DAL)"
"(danilsa01,MIA)"
"(dantlad01,MIL)"
"(dareyi01,BRK)"
"(daughbr01,CLE)"
"(davidko01,CHI)"
"(davidko01,CLE)"
"(davisan01,IND)"
"(davisan01,TOR)"
"(davisba01,CHO)"
"(davisbe01,NYK)"
"(davisbe01,PHO)"
"(davisbr01,DAL)"
"(davisbr02,MIN)"
"(davisda01,IND)"
"(davisem01,HOU)"
"(davisem01,OKC)"
"(davishu01,DAL)"
"(davishu01,NYK)"
"(davishu01,TOR)"
"(davisma02,GSW)"
"(davisma02,MIA)"
"(davisma02,MIN)"
"(davisma02,PHI)"
"(davisri01,CHO)"
"(daviste01,DAL)"
"(daviste01,MIA)"
"(daviste01,WAS)"
"(daviswa03,DEN)"
"(daviswa03,POR)"
"(dawkijo01,DET)"
"(dawkijo01,PHI)"
"(dawsoto01,BOS)"
"(dawsoto01,SAC)"
"(dayto01,BOS)"
"(dayto01,MIA)"
"(dayto01,MIL)"
"(dayto01,PHO)"
"(declean01,BOS)"
"(declean01,CLE)"
"(declean01,GSW)"
"(deherte01,LAC)"
"(deherte01,MEM)"
"(deherte01,SAC)"
"(delebi01,CHI)"
"(delebi01,DEN)"
"(delebi01,DET)"
"(delebi01,LAC)"
"(delebi01,ORL)"
"(delkto01,CHO)"
"(delkto01,GSW)"
"(delkto01,SAC)"
"(delnevi01,MIL)"
"(delnevi01,SAS)"
"(dempsde01,GSW)"
"(dempsde01,ORL)"
"(dempsde01,SAS)"
"(dialde01,SAS)"
"(dickemi01,HOU)"
"(dickemi01,MEM)"
"(dinkiby01,IND)"
"(dinkiby01,SAS)"
"(divacvl01,CHO)"
"(divacvl01,LAL)"
"(divacvl01,SAC)"
"(djordal01,POR)"
"(doleami01,ORL)"
"(donalja01,DAL)"
"(donalja01,NYK)"
"(donalja01,UTA)"
"(douglsh01,BOS)"
"(douglsh01,BRK)"
"(douglsh01,LAC)"
"(douglsh01,MIA)"
"(douglsh01,MIL)"
"(dreilgr01,CLE)"
"(dreilgr01,DAL)"
"(dreilgr01,IND)"
"(drewbr01,HOU)"
"(drewla01,LAL)"
"(drexlcl01,HOU)"
"(drexlcl01,POR)"
"(driggna01,BOS)"
"(duckwke01,LAC)"
"(duckwke01,MIL)"
"(duckwke01,POR)"
"(duckwke01,WAS)"
"(dudlech02,BRK)"
"(dudlech02,NYK)"
"(dudlech02,POR)"
"(dumarjo01,DET)"
"(dumasri02,PHI)"
"(dumasri02,PHO)"
"(dumasto01,CLE)"
"(dumasto01,DAL)"
"(dumasto01,PHO)"
"(duncati01,SAS)"
"(dunntr01,DEN)"
"(durhapa01,GSW)"
"(durhapa01,MIN)"
"(eacklle01,MIA)"
"(eacklle01,WAS)"
"(earlac01,BOS)"
"(earlac01,MIL)"
"(earlac01,TOR)"
"(eatonma01,UTA)"
"(eddiepa01,NYK)"
"(edneyty01,BOS)"
"(edneyty01,SAC)"
"(edwarbi01,PHI)"
"(edwarbl01,BOS)"
"(edwarbl01,MEM)"
"(edwarbl01,MIA)"
"(edwarbl01,MIL)"
"(edwarbl01,UTA)"
"(edwardo01,ATL)"
"(edwardo01,MEM)"
"(edwarja01,CHI)"
"(edwarja01,DET)"
"(edwarja01,LAC)"
"(edwarja01,LAL)"
"(edwarja01,POR)"
"(edwarke01,BRK)"
"(edwarke01,MIA)"
"(edwarke01,ORL)"
"(ehlocr01,ATL)"
"(ehlocr01,CLE)"
"(ehlocr01,OKC)"
"(eisleho01,MIN)"
"(eisleho01,SAS)"
"(eisleho01,UTA)"
"(ekeziob01,MEM)"
"(eliema01,GSW)"
"(eliema01,HOU)"
"(eliema01,PHI)"
"(eliema01,POR)"
"(eliema01,SAS)"
"(elliose01,DET)"
"(elliose01,SAS)"
"(ellisda01,CHO)"
"(ellisda01,DEN)"
"(ellisda01,MIL)"
"(ellisda01,OKC)"
"(ellisda01,SAS)"
"(ellisha01,DEN)"
"(ellisha01,LAC)"
"(ellisla01,ATL)"
"(ellisla01,DEN)"
"(ellisle02,CHO)"
"(ellisle02,LAC)"
"(ellisle02,MIA)"
"(ellispe01,BOS)"
"(ellispe01,WAS)"
"(engliaj01,WAS)"
"(englial01,DAL)"
"(englijo01,CHI)"
"(eschmev01,BRK)"
"(esposvi01,TOR)"
"(evansbr01,BRK)"
"(evansbr01,MIN)"
"(evansbr01,ORL)"
"(ewingpa01,NYK)"
"(farmeji01,DEN)"
"(farmeji01,PHI)"
"(farmeto01,CHO)"
"(farmeto01,GSW)"
"(feickja01,BRK)"
"(feickja01,CHO)"
"(feickja01,MIL)"
"(feickja01,SAS)"
"(feitlda01,BRK)"
"(feitlda01,HOU)"
"(ferredu01,ATL)"
"(ferredu01,GSW)"
"(ferredu01,IND)"
"(ferryda01,CLE)"
"(finlemi01,DAL)"
"(finlemi01,PHO)"
"(fishede01,LAL)"
"(fishma01,DEN)"
"(fishma01,LAC)"
"(fishma01,MIA)"
"(fishma01,NYK)"
"(fishma01,WAS)"
"(flemive01,BRK)"
"(flemive01,IND)"
"(floydsl01,BRK)"
"(floydsl01,HOU)"
"(floydsl01,SAS)"
"(fordal01,OKC)"
"(fordal01,PHI)"
"(fordsh01,OKC)"
"(fortsda01,BOS)"
"(fortsda01,DEN)"
"(fostegr01,ATL)"
"(fostegr01,CHI)"
"(fostegr01,MIL)"
"(fostegr01,MIN)"
"(fostegr01,OKC)"
"(fostegr01,UTA)"
"(fostegr01,WAS)"
"(fosteje01,IND)"
"(foxri01,BOS)"
"(foxri01,LAL)"
"(foylead01,GSW)"
"(francst01,HOU)"
"(frankte01,MIN)"
"(fredean01,CHO)"
"(fredean01,SAC)"
"(fulleto02,CHO)"
"(fulleto02,GSW)"
"(fulleto02,UTA)"
"(fundela01,SAC)"
"(gaineco01,DEN)"
"(gaineco01,NYK)"
"(gaineco01,PHI)"
"(gallach01,UTA)"
"(gamblke01,BOS)"
"(gamblke01,MIA)"
"(gamblke01,SAC)"
"(garlawi01,DEN)"
"(garlawi01,HOU)"
"(garlawi01,LAC)"
"(garlawi01,MIN)"
"(garnech01,TOR)"
"(garneke01,MIN)"
"(garnema01,BOS)"
"(garrede01,DEN)"
"(garrede01,MIN)"
"(garriki01,DEN)"
"(garriki01,ORL)"
"(garripa01,ORL)"
"(garripa01,PHO)"
"(garrito01,DAL)"
"(garrito01,LAC)"
"(garrito01,MIN)"
"(garrito01,SAS)"
"(gatlich01,BRK)"
"(gatlich01,DAL)"
"(gatlich01,DEN)"
"(gatlich01,GSW)"
"(gatlich01,MIA)"
"(gatlich01,MIL)"
"(gatlich01,ORL)"
"(gattike01,CHO)"
"(gattike01,MEM)"
"(gazean01,SAS)"
"(gazean01,WAS)"
"(gearyre01,CLE)"
"(gearyre01,SAS)"
"(geigema01,CHO)"
"(geigema01,MIA)"
"(geigema01,PHI)"
"(georgde01,LAL)"
"(georgta01,BRK)"
"(georgta01,MIL)"
"(gervide01,BRK)"
"(gilliar01,BRK)"
"(gilliar01,CHO)"
"(gilliar01,MIL)"
"(gilliar01,PHI)"
"(gilliar01,UTA)"
"(gillke01,BRK)"
"(gillke01,CHO)"
"(gillke01,OKC)"
"(glassge01,BRK)"
"(glassge01,CHO)"
"(glassge01,DET)"
"(glassge01,MIN)"
"(glovedi01,ATL)"
"(gminsmi01,CHO)"
"(gminsmi01,MIL)"
"(gminsmi01,PHI)"
"(godfrda01,HOU)"
"(godfrda01,MIN)"
"(goldwan01,CHO)"
"(goldwan01,DEN)"
"(graceri01,ATL)"
"(grahagr01,BRK)"
"(grahagr01,CLE)"
"(grahagr01,OKC)"
"(grahagr01,PHI)"
"(grahapa01,ATL)"
"(grandji01,DAL)"
"(grandro01,ATL)"
"(grandro01,CHO)"
"(grandro01,MIA)"
"(grandro01,NYK)"
"(grantbr01,POR)"
"(grantbr01,SAC)"
"(grantga01,LAC)"
"(grantga01,MIA)"
"(grantga01,NYK)"
"(grantga01,POR)"
"(grantgr01,CHO)"
"(grantgr01,DEN)"
"(grantgr01,NYK)"
"(grantgr01,PHI)"
"(grantgr01,WAS)"
"(grantha01,PHI)"
"(grantha01,POR)"
"(grantha01,WAS)"
"(grantho01,CHI)"
"(grantho01,OKC)"
"(grantho01,ORL)"
"(grantjo01,GSW)"
"(grantpa01,MIL)"
"(grantpa01,MIN)"
"(grayde01,HOU)"
"(grayde01,SAC)"
"(grayde01,SAS)"
"(grayed01,ATL)"
"(grayeje01,CHO)"
"(grayeje01,GSW)"
"(grayeje01,MIL)"
"(grayeje01,PHI)"
"(grayeje01,SAC)"
"(grayev01,BRK)"
"(grayst01,NYK)"
"(greenac01,DAL)"
"(greenac01,LAL)"
"(greenac01,PHO)"
"(greenda01,SAS)"
"(greenli01,CLE)"
"(greenli01,DET)"
"(greenli01,MIL)"
"(greenli01,ORL)"
"(greenri01,BOS)"
"(greenri01,PHI)"
"(greense01,IND)"
"(greense01,PHI)"
"(greense01,UTA)"
"(greensi02,CHO)"
"(greensi02,SAS)"
"(griffad01,BOS)"
"(griffda01,UTA)"
"(grimmde01,SAC)"
"(guglito01,GSW)"
"(guglito01,MIN)"
"(guglito01,PHO)"
"(guglito01,WAS)"
"(guibean01,MIN)"
"(guidija01,CLE)"
"(haffnsc01,CHO)"
"(haleyja01,BRK)"
"(haleyja01,CHI)"
"(haleyja01,LAL)"
"(haleyja01,SAS)"
"(hamda01,DEN)"
"(hamda01,IND)"
"(hamda01,MIL)"
"(hamda01,WAS)"
"(hamerst01,BOS)"
"(hamilri01,WAS)"
"(hamilth01,BOS)"
"(hamilth01,HOU)"
"(hammige01,GSW)"
"(hammige01,ORL)"
"(hammoto01,CHO)"
"(hammoto01,DEN)"
"(hammoto01,MIN)"
"(hammoto01,WAS)"
"(hancoda01,ATL)"
"(hancoda01,CHO)"
"(hancoda01,MIL)"
"(hancoda01,SAS)"
"(hansebo01,CHI)"
"(hansebo01,SAC)"
"(hansore01,BOS)"
"(hardaan01,ORL)"
"(hardaan01,PHO)"
"(hardati01,GSW)"
"(hardati01,MIA)"
"(harmoje01,PHI)"
"(harpede01,DAL)"
"(harpede01,LAL)"
"(harpede01,NYK)"
"(harpede01,ORL)"
"(harpero01,CHI)"
"(harpero01,LAC)"
"(harpero01,LAL)"
"(harprma01,ORL)"
"(harrial01,IND)"
"(harrilu01,BRK)"
"(harrilu01,DAL)"
"(harrilu01,PHI)"
"(harriot01,HOU)"
"(harriot01,MEM)"
"(harrito01,BOS)"
"(harrito01,PHI)"
"(harvean01,LAC)"
"(harvean01,LAL)"
"(harvean01,MEM)"
"(harvean01,OKC)"
"(harvean01,POR)"
"(haskisc01,IND)"
"(hastisc01,DEN)"
"(hastisc01,DET)"
"(hawkihe01,CHI)"
"(hawkihe01,CHO)"
"(hawkihe01,OKC)"
"(hawkihe01,PHI)"
"(hawkimi01,BOS)"
"(hawkimi01,CHO)"
"(hawkimi01,SAC)"
"(healsh01,MIN)"
"(heggsal01,HOU)"
"(hendeal01,ATL)"
"(hendece02,CLE)"
"(hendege01,DET)"
"(hendege01,HOU)"
"(hendejr01,MEM)"
"(hendrma01,BRK)"
"(hendrma01,CLE)"
"(hendrma01,PHI)"
"(hendrma01,SAC)"
"(henrysk01,PHO)"
"(hensost01,ATL)"
"(hensost01,CHO)"
"(hensost01,DET)"
"(hensost01,MIL)"
"(hensost01,POR)"
"(herreca01,DEN)"
"(herreca01,HOU)"
"(herreca01,MEM)"
"(herreca01,SAS)"
"(herrech01,DEN)"
"(higgimi01,SAC)"
"(higgiro01,CLE)"
"(higgiro01,GSW)"
"(higgiro01,SAC)"
"(higgise01,BRK)"
"(higgise01,GSW)"
"(higgise01,ORL)"
"(higgise01,PHI)"
"(higgise01,POR)"
"(higgise01,SAS)"
"(hillgr01,DET)"
"(hillty01,CLE)"
"(hillty01,GSW)"
"(hillty01,MIL)"
"(hillty01,PHI)"
"(hinsoro01,BRK)"
"(hodgecr01,CHI)"
"(hodgedo01,CHO)"
"(hodgedo01,DAL)"
"(hoibefr01,CHI)"
"(hoibefr01,IND)"
"(honeyje01,MIL)"
"(honeyje01,PHI)"
"(hoodde01,CHO)"
"(hoppeda01,BRK)"
"(hoppeda01,CHO)"
"(hoppeda01,PHI)"
"(hopsode01,CHI)"
"(hopsode01,SAC)"
"(horfoti01,WAS)"
"(hornaje01,PHI)"
"(hornaje01,PHO)"
"(hornaje01,UTA)"
"(horryro01,HOU)"
"(horryro01,LAL)"
"(horryro01,PHO)"
"(houstal01,DET)"
"(houstal01,NYK)"
"(houstby01,GSW)"
"(houstby01,OKC)"
"(houstby01,SAC)"
"(hovasto01,ATL)"
"(howarbr01,DAL)"
"(howarju01,WAS)"
"(howarst01,OKC)"
"(howarst01,SAS)"
"(howarst01,UTA)"
"(hudsotr01,LAC)"
"(hudsotr01,UTA)"
"(hughela01,GSW)"
"(hughela01,PHI)"
"(hugheri02,DAL)"
"(humphja01,BOS)"
"(humphja01,MIL)"
"(humphja01,UTA)"
"(huntece01,CHO)"
"(hunteli01,DET)"
"(hurlebo01,MEM)"
"(hurlebo01,SAC)"
"(ilgauzy01,CLE)"
"(irvinby01,WAS)"
"(iuzzomi01,DAL)"
"(iversal01,PHI)"
"(jacksbo01,DEN)"
"(jacksbo01,MIN)"
"(jacksja01,GSW)"
"(jacksja01,HOU)"
"(jacksja01,LAC)"
"(jacksja01,PHI)"
"(jacksja01,POR)"
"(jacksja01,SAS)"
"(jacksja01,WAS)"
"(jacksje01,DET)"
"(jacksji01,ATL)"
"(jacksji01,BRK)"
"(jacksji01,DAL)"
"(jacksji01,GSW)"
"(jacksji01,PHI)"
"(jacksji01,POR)"
"(jacksma01,DEN)"
"(jacksma01,IND)"
"(jacksma01,LAC)"
"(jacksma01,NYK)"
"(jacksra02,DAL)"
"(jacksra02,WAS)"
"(jacksst01,MIN)"
"(jacobsa01,GSW)"
"(jacobsa01,LAL)"
"(jamerda01,BRK)"
"(jamerda01,HOU)"
"(jamerda01,UTA)"
"(jameshe01,ATL)"
"(jameshe01,CLE)"
"(jameshe01,HOU)"
"(jameshe01,LAC)"
"(jameshe01,SAC)"
"(jameshe01,UTA)"
"(jamesje01,SAC)"
"(jamesti01,MIA)"
"(jamisan01,GSW)"
"(jamisha01,MIA)"
"(jennike01,GSW)"
"(jentch01,HOU)"
"(jentch01,NYK)"
"(jepsele01,GSW)"
"(jepsele01,SAC)"
"(johnsan02,ATL)"
"(johnsan02,ORL)"
"(johnsan02,SAC)"
"(johnsav01,DEN)"
"(johnsav01,GSW)"
"(johnsav01,HOU)"
"(johnsav01,SAS)"
"(johnsbu01,HOU)"
"(johnsbu01,WAS)"
"(johnsda01,CHI)"
"(johnsda01,POR)"
"(johnsda02,CLE)"
"(johnsde02,NYK)"
"(johnsed03,CHO)"
"(johnsed03,HOU)"
"(johnsed03,IND)"
"(johnsed03,OKC)"
"(johnsed03,PHO)"
"(johnser02,DEN)"
"(johnser02,MIL)"
"(johnser02,OKC)"
"(johnsfr01,PHO)"
"(johnske02,PHO)"
"(johnsla02,CHO)"
"(johnsla02,NYK)"
"(johnsma02,LAL)"
"(johnsst03,GSW)"
"(johnsvi01,DET)"
"(johnsvi01,SAS)"
"(jonesas01,MIN)"
"(jonesch01,DET)"
"(jonesch01,HOU)"
"(jonesch01,WAS)"
"(jonesch03,CHI)"
"(jonesch03,LAC)"
"(jonesda01,BOS)"
"(jonesda01,BRK)"
"(jonesda01,DAL)"
"(jonesda01,GSW)"
"(jonesdo01,BOS)"
"(jonesed02,CHO)"
"(jonesed02,LAL)"
"(jonesju01,PHI)"
"(jonespo01,BOS)"
"(jonespo01,DAL)"
"(jonespo01,DEN)"
"(jonespo01,TOR)"
"(jordaad01,DEN)"
"(jordaad01,MIL)"
"(jordami01,CHI)"
"(jordare01,ATL)"
"(jordare01,LAL)"
"(jordare01,MIN)"
"(jordare01,POR)"
"(jordare01,WAS)"
"(jordath01,PHI)"
"(keefead01,ATL)"
"(keefead01,UTA)"
"(kempsh01,CLE)"
"(kempsh01,OKC)"
"(kemptti01,ATL)"
"(kemptti01,CHO)"
"(kemptti01,CLE)"
"(kemptti01,ORL)"
"(kemptti01,PHO)"
"(kemptti01,SAS)"
"(kemptti01,TOR)"
"(kernejo01,ORL)"
"(kerrst01,CHI)"
"(kerrst01,CLE)"
"(kerrst01,ORL)"
"(kerrst01,SAS)"
"(kerseje01,GSW)"
"(kerseje01,LAL)"
"(kerseje01,OKC)"
"(kerseje01,POR)"
"(kerseje01,SAS)"
"(kesslal01,MIA)"
"(ketnela01,CHI)"
"(ketnela01,CLE)"
"(keysra01,CHO)"
"(keysra01,LAL)"
"(keysra01,MIL)"
"(kiddja01,DAL)"
"(kiddja01,PHO)"
"(kiddwa01,PHI)"
"(kimblbo01,LAC)"
"(kimblbo01,NYK)"
"(kimbrst01,SAC)"
"(kingal01,WAS)"
"(kingbe01,BRK)"
"(kingbe01,WAS)"
"(kingch01,MEM)"
"(kingch01,OKC)"
"(kingch01,UTA)"
"(kingfr01,LAL)"
"(kingfr01,PHI)"
"(kingge02,SAS)"
"(kingge02,WAS)"
"(kingji02,DEN)"
"(kingji02,TOR)"
"(kingri01,OKC)"
"(kingst01,BOS)"
"(kingst01,CHI)"
"(kingst01,DAL)"
"(kingst01,MIA)"
"(kingst01,MIN)"
"(kitegr01,IND)"
"(kitegr01,NYK)"
"(kitegr01,ORL)"
"(kittlke01,BRK)"
"(kleinjo01,BOS)"
"(kleinjo01,BRK)"
"(kleinjo01,CHI)"
"(kleinjo01,LAL)"
"(kleinjo01,PHO)"
"(kleinjo01,POR)"
"(knighbr01,CLE)"
"(knighne01,DET)"
"(knighne01,PHO)"
"(knighne01,POR)"
"(knighne01,SAS)"
"(knighne01,TOR)"
"(knightr01,BOS)"
"(knightr01,LAL)"
"(kofoeba01,BOS)"
"(kofoeba01,GSW)"
"(kofoeba01,OKC)"
"(koncajo01,ATL)"
"(koncajo01,ORL)"
"(kornefr01,MIL)"
"(krystla01,CHI)"
"(krystla01,LAL)"
"(krystla01,MIL)"
"(krystla01,ORL)"
"(krystla01,UTA)"
"(kukocto01,CHI)"
"(kukocto01,PHI)"
"(laettch01,ATL)"
"(laettch01,DET)"
"(laettch01,MIN)"
"(lafrera01,DEN)"
"(laimbbi01,DET)"
"(laneje01,CLE)"
"(laneje01,DEN)"
"(laneje01,IND)"
"(laneje01,MIL)"
"(langan01,ATL)"
"(langan01,CHI)"
"(langan01,MIL)"
"(langan01,MIN)"
"(langan01,NYK)"
"(langan01,PHI)"
"(langan01,PHO)"
"(langan02,CLE)"
"(langan02,MIA)"
"(langan02,PHI)"
"(langan02,PHO)"
"(langan02,TOR)"
"(langdtr01,CLE)"
"(larueru01,CHI)"
"(laudepr01,ATL)"
"(laudepr01,DEN)"
"(lawsoja01,ORL)"
"(leckner01,CHO)"
"(leckner01,DET)"
"(leckner01,MEM)"
"(leckner01,PHI)"
"(leckner01,SAC)"
"(leedo01,BRK)"
"(leedo01,SAC)"
"(leeku01,BRK)"
"(legleti01,DAL)"
"(legleti01,DEN)"
"(legleti01,GSW)"
"(legleti01,UTA)"
"(legleti01,WAS)"
"(lenarvo01,MIA)"
"(leonaga01,ATL)"
"(lesji01,ATL)"
"(lesji01,SAC)"
"(lettcl01,SAS)"
"(leverfa01,DAL)"
"(levincl01,CHI)"
"(levincl01,DEN)"
"(lewisce01,WAS)"
"(lewisma01,TOR)"
"(lewisqu01,UTA)"
"(lewisra02,OKC)"
"(lewisre01,BOS)"
"(liberma01,DEN)"
"(liberma01,DET)"
"(lichtto01,BOS)"
"(lichtto01,DEN)"
"(lichtto01,GSW)"
"(lichtto01,ORL)"
"(listeal01,BOS)"
"(listeal01,GSW)"
"(listeal01,MIL)"
"(listeal01,POR)"
"(livinra01,ATL)"
"(livinra01,HOU)"
"(livinra01,PHO)"
"(llamaho01,PHO)"
"(lockhia01,PHO)"
"(lohaubr01,MIA)"
"(lohaubr01,MIL)"
"(lohaubr01,NYK)"
"(lohaubr01,SAS)"
"(lohaubr01,TOR)"
"(longgr01,ATL)"
"(longgr01,DET)"
"(longgr01,MEM)"
"(longgr01,MIA)"
"(longjo01,DET)"
"(longjo01,TOR)"
"(longllu01,CHI)"
"(longllu01,MIN)"
"(longllu01,PHO)"
"(lopezfe01,MEM)"
"(lorthry01,GSW)"
"(luety01,LAL)"
"(lynchge01,LAL)"
"(lynchge01,MEM)"
"(lynchge01,PHI)"
"(lynchke01,CHO)"
"(maccuto01,PHI)"
"(mackema01,PHO)"
"(macksa01,GSW)"
"(macksa01,HOU)"
"(macksa01,MEM)"
"(macksa01,SAS)"
"(macledo01,BRK)"
"(macledo01,DEN)"
"(macledo01,OKC)"
"(macledo01,PHI)"
"(macledo01,PHO)"
"(macledo01,WAS)"
"(maconma01,DEN)"
"(maconma01,DET)"
"(madkige01,CLE)"
"(madkige01,GSW)"
"(maggeco01,ORL)"
"(mahorri01,BRK)"
"(mahorri01,DET)"
"(mahorri01,PHI)"
"(majerda01,CLE)"
"(majerda01,MIA)"
"(majerda01,PHO)"
"(malonje01,MIA)"
"(malonje01,PHI)"
"(malonje01,UTA)"
"(malonka01,UTA)"
"(malonma01,CHI)"
"(malonma01,HOU)"
"(malonmo01,ATL)"
"(malonmo01,MIL)"
"(malonmo01,PHI)"
"(malonmo01,SAS)"
"(mannida01,ATL)"
"(mannida01,LAC)"
"(mannida01,MIL)"
"(mannida01,PHO)"
"(manniri01,LAC)"
"(manniri01,MEM)"
"(marblro01,DEN)"
"(marbust01,BRK)"
"(marbust01,MIN)"
"(marcisa01,DEN)"
"(marcisa01,GSW)"
"(marcisa01,OKC)"
"(marcisa01,SAC)"
"(mariosh01,PHO)"
"(marksse01,TOR)"
"(marshdo01,GSW)"
"(marshdo01,MIN)"
"(marshdo02,CLE)"
"(martibo01,LAC)"
"(marticu01,MEM)"
"(marticu01,MIL)"
"(martida01,LAC)"
"(martida01,MEM)"
"(martida01,MIN)"
"(martida01,SAC)"
"(martije01,LAC)"
"(mashbja01,DAL)"
"(mashbja01,MIA)"
"(masonan01,CHO)"
"(masonan01,DEN)"
"(masonan01,NYK)"
"(masseto01,BOS)"
"(masseto01,BRK)"
"(masseto01,CHO)"
"(masseto01,GSW)"
"(masseto01,HOU)"
"(masseto01,LAC)"
"(masseto01,MEM)"
"(masseto01,PHI)"
"(masseto01,SAS)"
"(masseto01,TOR)"
"(maxeyma01,MIN)"
"(maxweve01,CHO)"
"(maxweve01,HOU)"
"(maxweve01,OKC)"
"(maxweve01,ORL)"
"(maxweve01,PHI)"
"(maxweve01,SAC)"
"(maxweve01,SAS)"
"(maybele01,MEM)"
"(maybele01,MIL)"
"(mayesth01,LAC)"
"(mayesth01,PHI)"
"(maystr01,ATL)"
"(maystr01,SAC)"
"(mccanbo01,DET)"
"(mccanbo01,MIN)"
"(mccanbo01,TOR)"
"(mccanbo01,WAS)"
"(mccarke01,DEN)"
"(mccarwa01,BOS)"
"(mccarwa01,NYK)"
"(mccasam01,ORL)"
"(mccloge01,DAL)"
"(mccloge01,DEN)"
"(mccloge01,IND)"
"(mccloge01,LAL)"
"(mccloge01,PHO)"
"(mccorti01,ATL)"
"(mccorti01,NYK)"
"(mccoyje01,OKC)"
"(mccraro01,CHI)"
"(mccraro01,DAL)"
"(mcdancl01,SAC)"
"(mcdanxa01,BOS)"
"(mcdanxa01,BRK)"
"(mcdanxa01,NYK)"
"(mcdanxa01,OKC)"
"(mcdanxa01,PHO)"
"(mcdonmi01,CHO)"
"(mcdyean01,DEN)"
"(mcdyean01,PHO)"
"(mcgratr01,TOR)"
"(mchalke01,BOS)"
"(mcilvji01,BRK)"
"(mcilvji01,OKC)"
"(mcilvji01,WAS)"
"(mcinnje01,DEN)"
"(mcinnje01,LAC)"
"(mcinnje01,WAS)"
"(mckeyde01,IND)"
"(mckeyde01,OKC)"
"(mckieaa01,DET)"
"(mckieaa01,PHI)"
"(mckieaa01,POR)"
"(mckinca01,NYK)"
"(mcleoro01,ATL)"
"(mcmilna01,OKC)"
"(mcnamma01,ORL)"
"(meeda01,DEN)"
"(meentsc01,OKC)"
"(mercero01,BOS)"
"(mercero01,DEN)"
"(mercero01,ORL)"
"(meyerlo01,DAL)"
"(meyerlo01,DEN)"
"(meyerlo01,PHO)"
"(milicma01,PHO)"
"(millean01,ATL)"
"(millean01,HOU)"
"(millean01,LAL)"
"(millean02,CLE)"
"(millebr01,CHO)"
"(milleol01,DAL)"
"(milleol01,DET)"
"(milleol01,PHO)"
"(milleol01,SAC)"
"(milleol01,TOR)"
"(millere01,IND)"
"(millsch01,CLE)"
"(millsch01,GSW)"
"(millsch01,NYK)"
"(millste01,BRK)"
"(millste01,DEN)"
"(millste01,DET)"
"(millste01,MIA)"
"(minerha01,CLE)"
"(minerha01,MIA)"
"(minorgr01,BOS)"
"(miskija01,CHO)"
"(mitchsa01,IND)"
"(mitchsa01,MIN)"
"(moblecu01,HOU)"
"(mobleer01,MEM)"
"(mobleer01,MIL)"
"(mohamna01,PHI)"
"(mokespa01,GSW)"
"(moncrsi01,ATL)"
"(monroro01,ATL)"
"(montrer01,BOS)"
"(montrer01,BRK)"
"(montrer01,DAL)"
"(montrer01,DET)"
"(montrer01,PHI)"
"(mooremi01,DET)"
"(mooretr01,DAL)"
"(mooretr01,DET)"
"(mooretr01,HOU)"
"(mornida01,DAL)"
"(mornida01,UTA)"
"(morrich01,BRK)"
"(morrich01,PHO)"
"(morrich01,UTA)"
"(morriis01,DET)"
"(mortodw01,GSW)"
"(mortojo01,CLE)"
"(mortojo01,MIA)"
"(motenla01,MEM)"
"(motenla01,WAS)"
"(mournal01,CHO)"
"(mournal01,MIA)"
"(mullich01,GSW)"
"(mullich01,IND)"
"(mundtto01,ATL)"
"(mundtto01,BOS)"
"(munkch01,UTA)"
"(murdoer01,BRK)"
"(murdoer01,DEN)"
"(murdoer01,LAC)"
"(murdoer01,MEM)"
"(murdoer01,MIA)"
"(murdoer01,MIL)"
"(murdoer01,UTA)"
"(muresgh01,BRK)"
"(muresgh01,WAS)"
"(murphto01,DET)"
"(murphto01,GSW)"
"(murphto01,MIN)"
"(murrala01,CLE)"
"(murrala01,LAC)"
"(murratr01,HOU)"
"(murratr01,POR)"
"(murratr01,TOR)"
"(murratr01,WAS)"
"(mustaje01,NYK)"
"(mustaje01,PHO)"
"(mutomdi01,ATL)"
"(mutomdi01,DEN)"
"(muursma01,DAL)"
"(muursma01,MIA)"
"(myerspe01,CHI)"
"(myerspe01,CHO)"
"(myerspe01,MIA)"
"(myerspe01,NYK)"
"(myerspe01,SAS)"
"(nancela01,CLE)"
"(nashst01,DAL)"
"(nashst01,PHO)"
"(nathaho01,ATL)"
"(ndiayma01,MEM)"
"(nealcr01,DEN)"
"(nealyed01,CHI)"
"(nealyed01,GSW)"
"(nealyed01,PHO)"
"(nembhru01,POR)"
"(nembhru01,UTA)"
"(nesbyty01,LAC)"
"(nestera01,MIN)"
"(nevitch01,CHI)"
"(nevitch01,SAS)"
"(newbeme01,DET)"
"(newbiiv01,ATL)"
"(newbiiv01,DET)"
"(newbiiv01,MEM)"
"(newmajo01,BRK)"
"(newmajo01,CHO)"
"(newmajo01,CLE)"
"(newmajo01,DEN)"
"(newmajo01,MIL)"
"(nickega01,SAS)"
"(nickega01,WAS)"
"(nordgje01,MIL)"
"(normake01,ATL)"
"(normake01,LAC)"
"(normake01,MIL)"
"(norrimo01,HOU)"
"(norrimo01,MEM)"
"(norrimo01,OKC)"
"(nowitdi01,DAL)"
"(nwosuju01,SAS)"
"(oaklech01,NYK)"
"(oaklech01,TOR)"
"(obannch01,DET)"
"(obanned01,BRK)"
"(obanned01,DAL)"
"(odomla01,LAC)"
"(oggal01,MIA)"
"(oggal01,MIL)"
"(oggal01,WAS)"
"(olajuha01,HOU)"
"(oldhaja01,IND)"
"(olivebr01,ATL)"
"(olivebr01,PHI)"
"(olivebr01,WAS)"
"(oliveji01,BOS)"
"(oliveji01,CLE)"
"(oliveji01,PHO)"
"(oliveji01,TOR)"
"(oliveji01,WAS)"
"(ollieke01,DAL)"
"(ollieke01,ORL)"
"(ollieke01,PHI)"
"(ollieke01,SAC)"
"(olowomi01,LAC)"
"(onealje01,POR)"
"(onealsh01,LAL)"
"(onealsh01,ORL)"
"(ostergr01,UTA)"
"(osullda01,BRK)"
"(osullda01,DET)"
"(osullda01,MIL)"
"(osullda01,TOR)"
"(osullda01,UTA)"
"(othicma01,SAS)"
"(outlabo01,LAC)"
"(outlabo01,ORL)"
"(overtdo01,BOS)"
"(overtdo01,BRK)"
"(overtdo01,DEN)"
"(overtdo01,ORL)"
"(overtdo01,PHI)"
"(overtdo01,WAS)"
"(owensbi01,GSW)"
"(owensbi01,MIA)"
"(owensbi01,OKC)"
"(owensbi01,PHI)"
"(owensbi01,SAC)"
"(owenske01,LAL)"
"(owesra01,GSW)"
"(packro01,BRK)"
"(packro01,DAL)"
"(packro01,DEN)"
"(packro01,POR)"
"(packro01,WAS)"
"(paddige01,CLE)"
"(paddige01,IND)"
"(paddige01,NYK)"
"(paddige01,OKC)"
"(paddige01,WAS)"
"(padgesc01,UTA)"
"(palacmi01,MEM)"
"(palmewa01,DAL)"
"(palmewa01,UTA)"
"(parisro01,BOS)"
"(parisro01,CHI)"
"(parisro01,CHO)"
"(parkean01,ORL)"
"(parkean01,PHI)"
"(parksch02,DAL)"
"(parksch02,MEM)"
"(parksch02,MIN)"
"(pattean01,MIN)"
"(patteru01,LAL)"
"(patteru01,OKC)"
"(paxsojo01,CHI)"
"(payneke01,PHI)"
"(paytoga01,OKC)"
"(peelean01,LAL)"
"(peelean01,MEM)"
"(peelean01,MIN)"
"(peplomi01,DET)"
"(peplomi01,MIL)"
"(peplomi01,SAC)"
"(peplomi01,WAS)"
"(perduwi01,CHI)"
"(perduwi01,SAS)"
"(perkisa01,IND)"
"(perkisa01,LAL)"
"(perkisa01,OKC)"
"(perryel01,BRK)"
"(perryel01,CHO)"
"(perryel01,LAC)"
"(perryel01,MIL)"
"(perryel01,PHO)"
"(perryti01,BRK)"
"(perryti01,PHI)"
"(perryti01,PHO)"
"(persoch01,CHO)"
"(persoch01,IND)"
"(persoch01,MIN)"
"(persoch01,OKC)"
"(persoch01,SAS)"
"(persowe01,CLE)"
"(persowe01,PHO)"
"(peterji01,GSW)"
"(petrodr01,BRK)"
"(petrodr01,POR)"
"(petruri01,HOU)"
"(phelpde01,SAC)"
"(phillbo01,CHO)"
"(phillbo01,CLE)"
"(piatker01,LAC)"
"(piercpa01,BOS)"
"(piercri01,CHO)"
"(piercri01,DEN)"
"(piercri01,GSW)"
"(piercri01,IND)"
"(piercri01,MIL)"
"(piercri01,OKC)"
"(pincked01,BOS)"
"(pincked01,MIA)"
"(pincked01,MIL)"
"(pincked01,PHI)"
"(pincked01,TOR)"
"(pippesc01,CHI)"
"(pippesc01,HOU)"
"(pippesc01,POR)"
"(plummga01,DEN)"
"(pollasc01,DET)"
"(pollasc01,SAC)"
"(polynol01,DET)"
"(polynol01,LAC)"
"(polynol01,OKC)"
"(polynol01,SAC)"
"(polynol01,UTA)"
"(popema01,IND)"
"(popsoda01,BOS)"
"(popsoda01,MIL)"
"(portete01,MIA)"
"(portete01,MIN)"
"(portete01,POR)"
"(portete01,SAS)"
"(poseyja01,DEN)"
"(potapvi01,BOS)"
"(potapvi01,CLE)"
"(presspa01,GSW)"
"(presspa01,SAS)"
"(pricebr01,HOU)"
"(pricebr01,MEM)"
"(pricebr01,WAS)"
"(pricema01,CLE)"
"(pricema01,GSW)"
"(pricema01,ORL)"
"(pricema01,WAS)"
"(pritcke01,BOS)"
"(pritcke01,GSW)"
"(pritcke01,MIA)"
"(pritcke01,PHI)"
"(pritcke01,WAS)"
"(profila01,WAS)"
"(pullaan01,MIL)"
"(quinnbr01,DAL)"
"(quinnbr01,NYK)"
"(radjadi01,BOS)"
"(radojal01,TOR)"
"(rambiku01,LAL)"
"(rambiku01,PHO)"
"(rambiku01,SAC)"
"(randama01,CHI)"
"(randama01,DEN)"
"(randama01,DET)"
"(randama01,MIN)"
"(rasmubl01,ATL)"
"(rasmubl01,DEN)"
"(ratlith01,DET)"
"(ratlith01,PHI)"
"(recasel01,ATL)"
"(recasel01,CHO)"
"(recasel01,DEN)"
"(recasel01,HOU)"
"(reevebr01,MEM)"
"(reevekh01,BRK)"
"(reevekh01,CHI)"
"(reevekh01,CHO)"
"(reevekh01,DAL)"
"(reevekh01,DET)"
"(reevekh01,MIA)"
"(reiddo01,DET)"
"(reiddo01,WAS)"
"(reidjr01,CHO)"
"(reidjr01,LAL)"
"(reidjr01,MIL)"
"(reidjr01,NYK)"
"(reidjr01,SAS)"
"(reidro01,PHI)"
"(renchte01,MIA)"
"(renchte01,PHO)"
"(respesh01,DAL)"
"(respesh01,MIL)"
"(respesh01,PHO)"
"(respesh01,TOR)"
"(reynoje01,MIL)"
"(reynoje01,ORL)"
"(rhodero01,DAL)"
"(rhodero01,HOU)"
"(rhodero01,MEM)"
"(ricegl01,CHO)"
"(ricegl01,LAL)"
"(ricegl01,MIA)"
"(richapo01,IND)"
"(richapo01,LAC)"
"(richapo01,MIN)"
"(richmmi01,GSW)"
"(richmmi01,SAC)"
"(richmmi01,WAS)"
"(rideris01,ATL)"
"(rideris01,MIN)"
"(rideris01,POR)"
"(rileyer01,BOS)"
"(rileyer01,DAL)"
"(rileyer01,HOU)"
"(rileyer01,LAC)"
"(rileyer01,MIN)"
"(riverda01,LAC)"
"(riverdo01,ATL)"
"(riverdo01,LAC)"
"(riverdo01,NYK)"
"(riverdo01,SAS)"
"(roberal01,DET)"
"(roberal01,MIL)"
"(roberal01,TOR)"
"(roberfr01,CLE)"
"(roberfr01,DAL)"
"(roberfr01,LAL)"
"(roberfr01,MIL)"
"(roberry01,SAC)"
"(roberst01,HOU)"
"(roberst01,LAC)"
"(roberst01,MIN)"
"(roberst01,ORL)"
"(roberst01,PHI)"
"(robinch01,MEM)"
"(robinch01,SAC)"
"(robincl01,LAL)"
"(robincl02,PHO)"
"(robincl02,POR)"
"(robinda01,SAS)"
"(robined01,CHO)"
"(robingl01,MIL)"
"(robinja02,LAC)"
"(robinja02,MIN)"
"(robinja02,POR)"
"(robinla01,BOS)"
"(robinla01,GSW)"
"(robinla01,HOU)"
"(robinla01,MEM)"
"(robinla01,WAS)"
"(robinru01,ATL)"
"(robinru01,BRK)"
"(robinru01,CHO)"
"(robinru01,LAL)"
"(robinru01,PHO)"
"(robinru01,POR)"
"(rodmade01,CHI)"
"(rodmade01,DAL)"
"(rodmade01,DET)"
"(rodmade01,LAL)"
"(rodmade01,SAS)"
"(roelo01,DET)"
"(roelo01,GSW)"
"(rogerca01,GSW)"
"(rogerca01,HOU)"
"(rogerca01,POR)"
"(rogerca01,TOR)"
"(rogerro01,DEN)"
"(rogerro01,LAC)"
"(rogerro01,PHO)"
"(rogerro02,BOS)"
"(rogerro02,DEN)"
"(rogerro02,MEM)"
"(rogerro02,TOR)"
"(rollitr01,DET)"
"(rollitr01,HOU)"
"(rollitr01,ORL)"
"(rooksse01,ATL)"
"(rooksse01,DAL)"
"(rooksse01,LAL)"
"(rooksse01,MIN)"
"(roseja01,DEN)"
"(roseja01,IND)"
"(rosema01,CHO)"
"(rosema01,SAS)"
"(royaldo01,CHO)"
"(royaldo01,GSW)"
"(royaldo01,ORL)"
"(royaldo01,SAS)"
"(roziecl01,GSW)"
"(roziecl01,MIN)"
"(roziecl01,TOR)"
"(ruddde01,POR)"
"(ruddde01,UTA)"
"(ruffimi01,CHI)"
"(ruffitr01,PHI)"
"(ruffitr01,PHO)"
"(rulanje01,DET)"
"(rulanje01,PHI)"
"(ruscost01,PHO)"
"(russebr01,UTA)"
"(sabonar01,POR)"
"(sallejo01,CHI)"
"(sallejo01,DET)"
"(sallejo01,LAL)"
"(sallejo01,MIA)"
"(sallejo01,TOR)"
"(salvake01,SAC)"
"(sampsra01,SAC)"
"(sampsra01,WAS)"
"(sandeje01,ATL)"
"(sandeje01,CHO)"
"(sandemi01,CLE)"
"(sandemi01,IND)"
"(sasseja01,DAL)"
"(sasseja01,MEM)"
"(sasseja01,SAS)"
"(schayda01,LAL)"
"(schayda01,MIA)"
"(schayda01,MIL)"
"(schayda01,ORL)"
"(schayda01,PHO)"
"(schefst01,CHO)"
"(schefst01,DEN)"
"(schefst01,OKC)"
"(schefst01,SAC)"
"(schindw01,BOS)"
"(schindw01,BRK)"
"(schindw01,IND)"
"(schindw01,LAC)"
"(schindw01,SAC)"
"(schindw01,SAS)"
"(schrede01,IND)"
"(schrede01,OKC)"
"(schrede01,POR)"
"(scottbr01,IND)"
"(scottby01,IND)"
"(scottby01,LAL)"
"(scottby01,MEM)"
"(scottde01,DAL)"
"(scottde01,MEM)"
"(scottde01,MIN)"
"(scottde01,NYK)"
"(scottde01,ORL)"
"(scottde01,PHO)"
"(scottja01,MIA)"
"(scottsh01,CLE)"
"(sealssh01,LAL)"
"(sealyma01,DET)"
"(sealyma01,IND)"
"(sealyma01,LAC)"
"(sealyma01,MIN)"
"(seikaro01,BRK)"
"(seikaro01,GSW)"
"(seikaro01,MIA)"
"(seikaro01,ORL)"
"(sellebr01,DET)"
"(sellebr01,MIN)"
"(shackch01,CHO)"
"(shackch01,MIN)"
"(shackch01,PHI)"
"(shammgo01,WAS)"
"(shaskjo01,DAL)"
"(shawbr01,BOS)"
"(shawbr01,GSW)"
"(shawbr01,LAL)"
"(shawbr01,MIA)"
"(shawbr01,ORL)"
"(shawbr01,PHI)"
"(shawbr01,POR)"
"(shawca01,PHI)"
"(sheppje01,ATL)"
"(sikmaja01,MIL)"
"(simmoli01,SAC)"
"(simonmi01,ORL)"
"(simpkdi01,CHI)"
"(simpkdi01,GSW)"
"(simsal01,PHO)"
"(skilesc01,ORL)"
"(skilesc01,PHI)"
"(skilesc01,WAS)"
"(skinnbr01,LAC)"
"(slatere01,DAL)"
"(slatere01,DEN)"
"(slatere01,POR)"
"(slatere01,TOR)"
"(smithch01,LAC)"
"(smithch01,NYK)"
"(smithch01,SAS)"
"(smithch02,BOS)"
"(smithch02,MIN)"
"(smithch03,MIN)"
"(smithch04,LAC)"
"(smithch04,MIA)"
"(smithcl01,WAS)"
"(smithde02,BOS)"
"(smithdo03,BOS)"
"(smithdo03,DAL)"
"(smithjo02,GSW)"
"(smithjo02,MIN)"
"(smithjo02,PHI)"
"(smithke01,DEN)"
"(smithke01,DET)"
"(smithke01,HOU)"
"(smithke01,ORL)"
"(smithla01,HOU)"
"(smithla01,SAS)"
"(smithla02,SAC)"
"(smithla02,WAS)"
"(smithmi01,BOS)"
"(smithmi01,LAC)"
"(smithmi02,MEM)"
"(smithmi02,SAC)"
"(smithmi02,WAS)"
"(smithot01,ORL)"
"(smithre01,POR)"
"(smithst01,ATL)"
"(smithst01,MIA)"
"(smithst01,POR)"
"(smithst02,DAL)"
"(smithto02,CHO)"
"(smithto02,LAL)"
"(smithto02,MIA)"
"(smithto02,MIL)"
"(smithto02,PHO)"
"(smitsri01,IND)"
"(smrekmi01,GSW)"
"(smrekmi01,LAC)"
"(snower01,OKC)"
"(snower01,PHI)"
"(sparrro01,CHI)"
"(sparrro01,LAL)"
"(sparrro01,SAC)"
"(spencan01,ATL)"
"(spencan01,GSW)"
"(spencan01,SAC)"
"(spencel01,DEN)"
"(spencel01,LAC)"
"(spencel01,OKC)"
"(spencel01,POR)"
"(spencfe01,GSW)"
"(spencfe01,MIN)"
"(spencfe01,ORL)"
"(spencfe01,SAS)"
"(spencfe01,UTA)"
"(sprewla01,GSW)"
"(sprewla01,NYK)"
"(stackje01,DET)"
"(stackje01,PHI)"
"(stackry01,CLE)"
"(starkjo01,CHI)"
"(starkjo01,GSW)"
"(starkjo01,NYK)"
"(steigma01,CHI)"
"(stepavl01,OKC)"
"(stephev01,MIL)"
"(stephjo01,HOU)"
"(stephjo01,MEM)"
"(steveba01,GSW)"
"(stewake01,PHI)"
"(stewala01,OKC)"
"(stewala01,WAS)"
"(stewami01,SAC)"
"(stewami01,TOR)"
"(stithbr01,DEN)"
"(stivral01,ATL)"
"(stivral01,LAC)"
"(stivral01,MIL)"
"(stivral01,PHO)"
"(stockjo01,UTA)"
"(stojape01,SAC)"
"(stokeed01,TOR)"
"(stoudda01,POR)"
"(stoudda01,TOR)"
"(stricer01,DAL)"
"(stricma01,IND)"
"(stricma01,MIA)"
"(stricro02,POR)"
"(stricro02,SAS)"
"(stricro02,WAS)"
"(stronde01,BOS)"
"(stronde01,LAL)"
"(stronde01,MIL)"
"(stronde01,ORL)"
"(stronde01,WAS)"
"(strotla01,DAL)"
"(strotla01,POR)"
"(sundobr01,DAL)"
"(sundvjo01,MIA)"
"(surabo01,CLE)"
"(suttogr01,CHO)"
"(suttogr01,PHI)"
"(suttogr01,SAS)"
"(swinsaa01,PHO)"
"(sykesla01,BOS)"
"(szabobr01,BOS)"
"(szczewa02,MIN)"
"(tabakza01,BOS)"
"(tabakza01,HOU)"
"(tabakza01,IND)"
"(tabakza01,TOR)"
"(tarplro01,DAL)"
"(taylojo01,DEN)"
"(taylojo01,ORL)"
"(tayloma01,LAC)"
"(teaglte01,HOU)"
"(teaglte01,LAL)"
"(terryja01,ATL)"
"(theusre01,BRK)"
"(thomaca01,CLE)"
"(thomaca01,GSW)"
"(thomaca01,ORL)"
"(thomaca01,SAC)"
"(thomach01,DET)"
"(thomair01,LAL)"
"(thomais01,DET)"
"(thomaja01,BOS)"
"(thomaja01,GSW)"
"(thomaji01,MIN)"
"(thomajo02,BOS)"
"(thomajo02,TOR)"
"(thomake01,HOU)"
"(thomaku01,DAL)"
"(thomaku01,MIA)"
"(thomaku01,NYK)"
"(thomati01,MIL)"
"(thomati01,PHI)"
"(thompbi01,GSW)"
"(thompbi01,MIA)"
"(thompbr01,DEN)"
"(thompbr01,NYK)"
"(thompbr01,ORL)"
"(thompbr01,PHO)"
"(thompbr01,UTA)"
"(thompke01,POR)"
"(thompla01,DEN)"
"(thompla01,IND)"
"(thompla01,PHI)"
"(thompmy01,LAL)"
"(thompst01,ORL)"
"(thompst01,SAC)"
"(thornbo01,MIN)"
"(thornbo01,UTA)"
"(thornbo01,WAS)"
"(thorpot01,DET)"
"(thorpot01,HOU)"
"(thorpot01,MEM)"
"(thorpot01,MIA)"
"(thorpot01,POR)"
"(thorpot01,SAC)"
"(thorpot01,WAS)"
"(threase01,HOU)"
"(threase01,LAL)"
"(threase01,OKC)"
"(tisdawa01,PHO)"
"(tisdawa01,SAC)"
"(tolbeto01,CHO)"
"(tolbeto01,GSW)"
"(tolbeto01,LAC)"
"(tolbeto01,ORL)"
"(toneyse01,CLE)"
"(toolsan01,UTA)"
"(towerke01,LAC)"
"(towerke01,MIL)"
"(towerke01,ORL)"
"(traylro01,MIL)"
"(trentga01,DAL)"
"(trentga01,POR)"
"(trentga01,TOR)"
"(tripuke01,CHO)"
"(tuckean01,WAS)"
"(tucketr01,CHI)"
"(tucketr01,NYK)"
"(tucketr01,SAS)"
"(turkcmi01,MIL)"
"(turkcmi01,NYK)"
"(turnean01,PHI)"
"(turnean01,WAS)"
"(turnehe02,SAC)"
"(turneje01,ORL)"
"(turnejo01,HOU)"
"(turnewa01,BOS)"
"(tylerbj01,PHI)"
"(upshake01,DAL)"
"(valenda01,CLE)"
"(vandeki01,LAC)"
"(vandeki01,NYK)"
"(vandelo01,LAC)"
"(vanexni01,DEN)"
"(vanexni01,LAL)"
"(vanhoke01,BRK)"
"(vaughda02,BRK)"
"(vaughda02,CHI)"
"(vaughda02,GSW)"
"(vaughda02,ORL)"
"(vaughja01,UTA)"
"(vaughlo01,DET)"
"(vaughlo01,LAC)"
"(vetragu01,MIN)"
"(viannjo01,DAL)"
"(vincesa01,ORL)"
"(vinsofr01,ATL)"
"(vinsofr01,OKC)"
"(volkoal01,ATL)"
"(vrankst01,BOS)"
"(vrankst01,LAC)"
"(vrankst01,MIN)"
"(wagnemi01,MIA)"
"(walkean02,BOS)"
"(walkeda01,CHI)"
"(walkeda01,DET)"
"(walkeda01,WAS)"
"(walkeke01,NYK)"
"(walkeke01,WAS)"
"(walkesa01,DAL)"
"(walkesa01,SAS)"
"(wallabe01,ORL)"
"(wallabe01,WAS)"
"(wallajo01,NYK)"
"(wallajo01,TOR)"
"(wallara01,POR)"
"(wallara01,WAS)"
"(waltere01,BRK)"
"(waltere01,MIA)"
"(waltere01,PHI)"
"(wardch01,NYK)"
"(washidu01,LAC)"
"(washier01,DEN)"
"(watsoja01,DAL)"
"(watsoja01,MIA)"
"(watsoja01,UTA)"
"(weathcl01,GSW)"
"(weathcl01,MIA)"
"(weathcl01,PHI)"
"(webbech01,GSW)"
"(webbech01,SAC)"
"(webbech01,WAS)"
"(webbma01,BOS)"
"(webbsp01,ATL)"
"(webbsp01,MIN)"
"(webbsp01,ORL)"
"(webbsp01,SAC)"
"(webstje01,WAS)"
"(wellsbo01,POR)"
"(wellsbu01,DAL)"
"(wennibi01,CHI)"
"(wennibi01,SAC)"
"(wenstma01,BOS)"
"(werdaro01,BRK)"
"(werdaro01,DEN)"
"(wesleda01,BOS)"
"(wesleda01,BRK)"
"(wesleda01,CHO)"
"(westdo01,MEM)"
"(westdo01,MIN)"
"(westma01,ATL)"
"(westma01,CLE)"
"(westma01,DET)"
"(westma01,IND)"
"(westma01,PHO)"
"(whatlen01,ATL)"
"(whatlen01,POR)"
"(wheatde01,MEM)"
"(wheatde01,MIN)"
"(wheelty01,DEN)"
"(whitedo01,ATL)"
"(whitedo01,TOR)"
"(whiteja01,WAS)"
"(whitera01,DAL)"
"(whitfdw01,TOR)"
"(whitnch01,SAS)"
"(whitnch01,WAS)"
"(wiggimi01,PHI)"
"(wileymo01,ATL)"
"(wileymo01,DAL)"
"(wileymo01,MIA)"
"(wileymo01,ORL)"
"(wileymo01,SAS)"
"(wilkido01,ATL)"
"(wilkido01,BOS)"
"(wilkido01,LAC)"
"(wilkido01,ORL)"
"(wilkido01,SAS)"
"(wilkied01,NYK)"
"(wilkied01,PHI)"
"(wilkige01,CLE)"
"(wilkige01,MEM)"
"(wilkige01,NYK)"
"(wilkige01,ORL)"
"(williaa01,DEN)"
"(williaa01,MEM)"
"(williaa01,MIL)"
"(williaa01,OKC)"
"(williaa01,UTA)"
"(williaa01,WAS)"
"(willial02,POR)"
"(willial02,TOR)"
"(willibr01,GSW)"
"(willibr01,SAS)"
"(willibu01,NYK)"
"(willibu01,POR)"
"(willico01,CHI)"
"(willico01,MIN)"
"(willico02,SAC)"
"(willier01,BOS)"
"(willier01,DEN)"
"(willihe01,DAL)"
"(willihe01,NYK)"
"(willihe01,TOR)"
"(williho01,CLE)"
"(williho01,DAL)"
"(williho01,PHO)"
"(willija01,BRK)"
"(willija01,PHI)"
"(willija02,SAC)"
"(willije01,DET)"
"(willijo02,IND)"
"(willijo02,LAC)"
"(willijo02,WAS)"
"(willike02,ATL)"
"(willike02,GSW)"
"(willike02,HOU)"
"(willike02,MIA)"
"(willike02,TOR)"
"(willike03,IND)"
"(willilo01,BOS)"
"(willilo01,CHO)"
"(willilo01,DAL)"
"(willilo01,ORL)"
"(willilo01,WAS)"
"(willimi02,IND)"
"(willimi02,MIN)"
"(willimi02,TOR)"
"(willimo01,DEN)"
"(willimo01,NYK)"
"(willimo01,ORL)"
"(willimo01,SAS)"
"(willire01,BRK)"
"(willire01,DEN)"
"(willire01,IND)"
"(willire01,SAS)"
"(willisc01,CHI)"
"(willisc01,MIL)"
"(willisc01,PHI)"
"(willish01,ATL)"
"(willish01,OKC)"
"(willitr01,CHO)"
"(williwa02,HOU)"
"(williwa02,MIA)"
"(williwa02,POR)"
"(williwa02,SAC)"
"(williwa02,TOR)"
"(willode01,CHI)"
"(wilsotr01,ATL)"
"(wilsotr01,LAL)"
"(wilsotr01,PHI)"
"(wilsotr01,SAC)"
"(winchke01,HOU)"
"(winchke01,NYK)"
"(wingada01,CHO)"
"(wingada01,NYK)"
"(wingada01,OKC)"
"(wingada01,SAS)"
"(wingada01,WAS)"
"(wingfdo01,OKC)"
"(wingfdo01,POR)"
"(wintetr01,MIN)"
"(wittmra01,IND)"
"(wolfjo01,BOS)"
"(wolfjo01,CHO)"
"(wolfjo01,DEN)"
"(wolfjo01,MIL)"
"(wolfjo01,ORL)"
"(wolfjo01,POR)"
"(woodda01,DAL)"
"(woodda01,DET)"
"(woodda01,GSW)"
"(woodda01,HOU)"
"(woodda01,MIL)"
"(woodda01,PHO)"
"(woodda01,SAS)"
"(woodle01,SAC)"
"(woodsmi01,CLE)"
"(woodsmi01,HOU)"
"(woodsra01,DEN)"
"(woodsra01,LAC)"
"(woolror01,DEN)"
"(woolror01,DET)"
"(woolror01,MIL)"
"(woolror01,PHI)"
"(workmha01,IND)"
"(workmha01,MIL)"
"(workmha01,TOR)"
"(workmha01,WAS)"
"(worthja01,LAL)"
"(wrighho02,ATL)"
"(wrighho02,DAL)"
"(wrighho02,ORL)"
"(wrighlo02,ATL)"
"(wrighlo02,LAC)"
"(wrighlu01,UTA)"
"(wrighsh01,PHI)"
"(wrighsh01,TOR)"
"(wyndeaj01,BOS)"
"(youngda01,DET)"
"(youngda01,LAC)"
"(youngda01,MIL)"
"(youngda01,POR)"
"(youngko01,DET)"
"(youngti01,GSW)"
"(zidekge01,CHO)"
"(zidekge01,DEN)"
"(zidekge01,OKC)"
