"(abdulka01,LAL)"
"(abernto01,GSW)"
"(abernto01,IND)"
"(acresma01,BOS)"
"(acresma01,ORL)"
"(adamsal01,PHO)"
"(adamsmi01,DEN)"
"(adamsmi01,SAC)"
"(adamsmi01,WAS)"
"(addisra01,PHO)"
"(aguirma01,DAL)"
"(aguirma01,DET)"
"(aingeda01,BOS)"
"(aingeda01,SAC)"
"(alarima01,DEN)"
"(alarima01,WAS)"
"(aleksch01,GSW)"
"(alforst01,DAL)"
"(alforst01,GSW)"
"(allenra01,SAC)"
"(allumda01,DAL)"
"(anderdw01,DEN)"
"(andergr01,MIL)"
"(andergr01,SAS)"
"(anderjj01,PHI)"
"(anderjj01,UTA)"
"(andermi01,SAS)"
"(anderni01,ORL)"
"(anderri01,CHO)"
"(anderri01,DEN)"
"(anderri01,HOU)"
"(anderri01,LAC)"
"(anderri01,POR)"
"(anderro01,CLE)"
"(anderro01,IND)"
"(anderro01,PHI)"
"(anderwi01,SAS)"
"(anslemi01,ORL)"
"(architi01,BOS)"
"(architi01,MIL)"
"(arlaujo01,SAC)"
"(armstbj01,CHI)"
"(askewvi01,PHI)"
"(austike01,DET)"
"(awtrede01,OKC)"
"(awtrede01,POR)"
"(baglejo01,BOS)"
"(baglejo01,BRK)"
"(baglejo01,CLE)"
"(baileca01,POR)"
"(baileja01,BRK)"
"(baileja01,HOU)"
"(baileja01,NYK)"
"(baileja01,OKC)"
"(baileja01,PHO)"
"(baileth01,UTA)"
"(ballagr01,GSW)"
"(ballagr01,OKC)"
"(ballagr01,WAS)"
"(banksge01,CHI)"
"(banksge01,SAS)"
"(bannike01,LAC)"
"(bannike01,NYK)"
"(bantomi01,IND)"
"(bantomi01,PHI)"
"(barklch01,PHI)"
"(barroda01,OKC)"
"(batesbi01,LAL)"
"(batesbi01,POR)"
"(batesbi01,WAS)"
"(battljo01,ATL)"
"(battlke01,PHO)"
"(battoda01,SAS)"
"(battoda01,WAS)"
"(bedfowi01,DET)"
"(bedfowi01,PHO)"
"(benjabe01,LAC)"
"(benneme01,CLE)"
"(benneme01,UTA)"
"(bennewi01,CLE)"
"(bensoke01,CLE)"
"(bensoke01,DET)"
"(bensoke01,UTA)"
"(berryri01,SAC)"
"(berrywa01,BRK)"
"(berrywa01,HOU)"
"(berrywa01,POR)"
"(berrywa01,SAS)"
"(bibbyhe01,LAC)"
"(biniojo01,POR)"
"(birdla01,BOS)"
"(birdsot01,BOS)"
"(birdsot01,BRK)"
"(birdsot01,SAC)"
"(blabuw01,DAL)"
"(blabuw01,GSW)"
"(blabuw01,SAS)"
"(blackco01,OKC)"
"(blackna01,SAS)"
"(blackno01,DET)"
"(blackro01,DAL)"
"(blaylmo01,BRK)"
"(blumera01,CHI)"
"(boguemu01,CHO)"
"(boguemu01,WAS)"
"(bolma01,GSW)"
"(bolma01,WAS)"
"(boonero01,UTA)"
"(bosweto01,UTA)"
"(bowiean01,HOU)"
"(bowiean01,SAS)"
"(bowiesa01,BRK)"
"(bowiesa01,POR)"
"(boynewi01,DAL)"
"(bradlal02,NYK)"
"(bradlch01,BOS)"
"(bradlch01,OKC)"
"(bradldu01,ATL)"
"(bradldu01,BRK)"
"(bradldu01,CHI)"
"(bradldu01,IND)"
"(bradldu01,MIL)"
"(bradldu01,PHO)"
"(bradldu01,WAS)"
"(brancad01,BRK)"
"(brancad01,LAL)"
"(brancad01,MIN)"
"(brancad01,POR)"
"(bransbr01,CLE)"
"(bransbr01,IND)"
"(bratzmi01,CHI)"
"(bratzmi01,CLE)"
"(bratzmi01,GSW)"
"(bratzmi01,SAC)"
"(bratzmi01,SAS)"
"(breuera01,MIL)"
"(breuera01,MIN)"
"(breweji01,LAL)"
"(brewero01,BRK)"
"(brewero01,CHI)"
"(brewero01,CLE)"
"(brewero01,GSW)"
"(brewero01,POR)"
"(brewero01,SAS)"
"(brickfr01,LAL)"
"(brickfr01,OKC)"
"(brickfr01,SAS)"
"(bridgju01,LAC)"
"(bridgju01,MIL)"
"(bristal01,DAL)"
"(bristal01,UTA)"
"(brittda01,WAS)"
"(brittmi01,SAS)"
"(brogaji01,LAC)"
"(brookmi01,DEN)"
"(brookmi01,IND)"
"(brookmi01,LAC)"
"(brooksc01,PHI)"
"(brownch01,CLE)"
"(brownfr01,OKC)"
"(brownle02,WAS)"
"(brownmi01,CHI)"
"(brownmi01,UTA)"
"(brownra01,UTA)"
"(brownri01,ATL)"
"(brownri01,GSW)"
"(brownto01,BRK)"
"(brownto01,CHI)"
"(brownto01,HOU)"
"(brownto01,IND)"
"(brownto01,MIL)"
"(brundst01,BRK)"
"(bryanjo01,HOU)"
"(bryanjo01,LAC)"
"(bryanma01,POR)"
"(bryanwa01,CHI)"
"(bryanwa01,DAL)"
"(bryanwa01,LAC)"
"(brynto01,LAC)"
"(bucknqu01,BOS)"
"(bucknqu01,IND)"
"(bucknqu01,MIL)"
"(bucknst01,LAL)"
"(burkmro01,CHI)"
"(burleto01,ATL)"
"(burnsda01,BRK)"
"(burnsda01,DEN)"
"(burttst01,GSW)"
"(burttst01,LAC)"
"(busedo01,IND)"
"(busedo01,POR)"
"(busedo01,SAC)"
"(butlegr01,NYK)"
"(byrnema01,DAL)"
"(byrnema01,IND)"
"(cagemi01,LAC)"
"(cagemi01,OKC)"
"(caldwad01,HOU)"
"(calvima01,CLE)"
"(campbto01,DET)"
"(campbto01,LAL)"
"(campbto01,MIN)"
"(carliri01,BOS)"
"(carliri01,BRK)"
"(carliri01,NYK)"
"(carran01,ATL)"
"(carran01,SAC)"
"(carrau01,DAL)"
"(carrau01,WAS)"
"(carrke01,CLE)"
"(carrke01,DET)"
"(carrke01,POR)"
"(carrml01,BOS)"
"(carrojo01,BRK)"
"(carrojo01,DEN)"
"(carrojo01,GSW)"
"(carrojo01,HOU)"
"(cartebu01,IND)"
"(cartebu01,LAL)"
"(cartebu01,NYK)"
"(cartebu01,PHI)"
"(carteho01,DAL)"
"(carteho01,DEN)"
"(cartere01,NYK)"
"(cartwbi01,CHI)"
"(cartwbi01,NYK)"
"(catchha01,LAC)"
"(catchha01,MIL)"
"(catlete01,ORL)"
"(catlete01,PHI)"
"(catlete01,WAS)"
"(cattabo01,BRK)"
"(cattabo01,UTA)"
"(cavenro01,BRK)"
"(cavenro01,NYK)"
"(chambto01,LAC)"
"(chambto01,OKC)"
"(chambto01,PHO)"
"(champmi01,OKC)"
"(chapmre01,CHO)"
"(charllo01,ATL)"
"(cheekma01,NYK)"
"(cheekma01,PHI)"
"(cheekma01,SAS)"
"(cheniph01,GSW)"
"(chievde01,CLE)"
"(chievde01,HOU)"
"(choneji01,LAL)"
"(choneji01,WAS)"
"(clarkca01,BOS)"
"(cofiefr01,CHI)"
"(cofiefr01,NYK)"
"(colembe01,BRK)"
"(colembe01,MIL)"
"(colembe01,PHI)"
"(colemno01,LAC)"
"(colliar01,ATL)"
"(collido01,PHI)"
"(collido02,ATL)"
"(collido02,GSW)"
"(collido02,MIL)"
"(collido02,WAS)"
"(coltest01,CHI)"
"(coltest01,PHI)"
"(coltest01,POR)"
"(coltest01,WAS)"
"(combsle01,IND)"
"(comegda01,BRK)"
"(comegda01,SAS)"
"(connele01,BRK)"
"(connele01,GSW)"
"(connele01,HOU)"
"(cookda01,BRK)"
"(cookda01,DEN)"
"(cookda01,SAS)"
"(cookda01,WAS)"
"(cookeda01,SAC)"
"(cookje01,CLE)"
"(cookje01,PHO)"
"(cookje01,SAS)"
"(cookje01,UTA)"
"(coopejo01,BRK)"
"(coopejo01,LAC)"
"(coopejo01,LAL)"
"(coopejo01,OKC)"
"(coopejo01,WAS)"
"(coopemi01,LAL)"
"(coopewa01,DAL)"
"(coopewa01,DEN)"
"(coopewa01,POR)"
"(coopewa01,UTA)"
"(copelho01,NYK)"
"(copella01,PHI)"
"(corbity01,CLE)"
"(corbity01,MIN)"
"(corbity01,PHO)"
"(corbity01,SAS)"
"(corzida01,CHI)"
"(corzida01,ORL)"
"(corzida01,SAS)"
"(cowenda01,MIL)"
"(coxch01,WAS)"
"(creviro01,DET)"
"(creviro01,GSW)"
"(crissch01,ATL)"
"(crissch01,LAC)"
"(crissch01,MIL)"
"(critewi01,PHO)"
"(crompge01,CLE)"
"(crompge01,MIL)"
"(crompge01,POR)"
"(crompge01,SAS)"
"(crossje01,LAC)"
"(crossru01,GSW)"
"(cummipa01,DAL)"
"(cummipa01,MIA)"
"(cummipa01,MIL)"
"(cummipa01,NYK)"
"(cummite01,LAC)"
"(cummite01,MIL)"
"(cummite01,SAS)"
"(curetea01,CHI)"
"(curetea01,CHO)"
"(curetea01,DET)"
"(curetea01,LAC)"
"(curetea01,PHI)"
"(curryde01,CHO)"
"(curryde01,CLE)"
"(curryde01,UTA)"
"(dailequ01,CHI)"
"(dailequ01,LAC)"
"(dailequ01,OKC)"
"(dandrbo01,MIL)"
"(dandrbo01,WAS)"
"(dantlad01,DAL)"
"(dantlad01,DET)"
"(dantlad01,UTA)"
"(daughbr01,CLE)"
"(davisbr01,DAL)"
"(davisch02,CHI)"
"(davisch02,MIL)"
"(davisch02,SAS)"
"(davisch02,WAS)"
"(davisjo01,ATL)"
"(davisjo01,CLE)"
"(davisjo01,IND)"
"(davisma01,MIL)"
"(davisma01,PHO)"
"(davismi03,NYK)"
"(davismo01,DAL)"
"(davismo01,PHI)"
"(davisro01,LAC)"
"(daviste01,MIA)"
"(daviswa03,DEN)"
"(daviswa03,PHO)"
"(dawkida01,BRK)"
"(dawkida01,DET)"
"(dawkida01,PHI)"
"(dawkida01,UTA)"
"(dawkijo01,PHI)"
"(dawkijo01,SAS)"
"(dayeda01,BOS)"
"(dayeda01,CHI)"
"(dayeda01,WAS)"
"(delnevi01,SAC)"
"(dembofe01,DET)"
"(demicla01,NYK)"
"(dennake01,DEN)"
"(dennake01,SAC)"
"(dietrco01,CHI)"
"(dietrco01,SAS)"
"(dillami01,CLE)"
"(dinkiby01,HOU)"
"(divacvl01,LAL)"
"(donalja01,DAL)"
"(donalja01,LAC)"
"(donalja01,OKC)"
"(donovbi01,NYK)"
"(dorseja01,OKC)"
"(douglbr01,SAC)"
"(dougljo01,LAC)"
"(douglle01,SAC)"
"(douglsh01,MIA)"
"(doziete01,CHO)"
"(dreilgr01,IND)"
"(drewjo01,ATL)"
"(drewjo01,UTA)"
"(drewla01,DET)"
"(drewla01,LAC)"
"(drewla01,LAL)"
"(drewla01,SAC)"
"(drexlcl01,POR)"
"(drollra01,DAL)"
"(duckwke01,POR)"
"(duckwke01,SAS)"
"(dudlech02,BRK)"
"(dudlech02,CLE)"
"(duerote01,BOS)"
"(duerote01,DAL)"
"(duerote01,GSW)"
"(dumarjo01,DET)"
"(dunlemi01,HOU)"
"(dunlemi01,MIL)"
"(dunlemi01,SAS)"
"(dunntr01,DEN)"
"(dunntr01,PHO)"
"(durenjo01,IND)"
"(durenjo01,UTA)"
"(durrade01,IND)"
"(durrade01,PHO)"
"(dykemcr01,PHO)"
"(eacklle01,WAS)"
"(eatonma01,UTA)"
"(eavesje01,ATL)"
"(eavesje01,SAC)"
"(eavesje01,UTA)"
"(edelike01,IND)"
"(edmonke01,ATL)"
"(edmonke01,DEN)"
"(edmonke01,SAS)"
"(edwarbl01,UTA)"
"(edwarfr01,LAC)"
"(edwarfr01,PHI)"
"(edwarfr01,SAC)"
"(edwarja01,CLE)"
"(edwarja01,DET)"
"(edwarja01,IND)"
"(edwarja01,PHO)"
"(edwarja02,LAC)"
"(edwarke01,MIA)"
"(ehlocr01,CLE)"
"(ehlocr01,HOU)"
"(elliobo01,BRK)"
"(elliose01,SAS)"
"(ellisda01,DAL)"
"(ellisda01,OKC)"
"(ellispe01,SAC)"
"(elmorle01,BRK)"
"(elmorle01,MIL)"
"(elmorle01,NYK)"
"(englech01,BRK)"
"(englech01,CHI)"
"(englech01,GSW)"
"(englech01,MIL)"
"(englech01,POR)"
"(englewa01,DEN)"
"(englial01,DEN)"
"(ervinju01,PHI)"
"(evansmi01,CLE)"
"(evansmi01,DEN)"
"(evansmi01,MIL)"
"(ewingpa01,NYK)"
"(farmeji01,DAL)"
"(farmeji01,OKC)"
"(farmeji01,UTA)"
"(feitlda01,GSW)"
"(feitlda01,HOU)"
"(feitlda01,WAS)"
"(fernser01,BOS)"
"(fernser01,NYK)"
"(ferredu01,ATL)"
"(ferrero01,POR)"
"(fieldke01,LAC)"
"(fieldke01,MIL)"
"(flemive01,IND)"
"(flowebr01,CLE)"
"(floydsl01,BRK)"
"(floydsl01,GSW)"
"(floydsl01,HOU)"
"(fordch01,BOS)"
"(forddo01,CLE)"
"(fordph01,BRK)"
"(fordph01,HOU)"
"(fordph01,MIL)"
"(fordph01,SAC)"
"(fostero01,PHO)"
"(frankte01,GSW)"
"(frankte01,MIA)"
"(fredean01,IND)"
"(freewo01,CLE)"
"(freewo01,GSW)"
"(freewo01,HOU)"
"(freewo01,PHI)"
"(fulleto01,DET)"
"(gaineco01,BRK)"
"(gaineco01,PHI)"
"(galemi01,GSW)"
"(galemi01,POR)"
"(galemi01,SAS)"
"(gamblke01,BOS)"
"(gamblke01,POR)"
"(garlawi01,GSW)"
"(garlawi01,LAC)"
"(garnebi02,DAL)"
"(garnebi02,IND)"
"(garreca01,HOU)"
"(garreca01,LAL)"
"(garrijo01,CLE)"
"(garrito01,LAC)"
"(gattike01,CHO)"
"(gattike01,PHO)"
"(gerargu01,SAC)"
"(gerargu01,SAS)"
"(gervide01,BRK)"
"(gervige01,CHI)"
"(gervige01,SAS)"
"(gibsomi01,DET)"
"(gibsomi01,WAS)"
"(gillebe01,SAC)"
"(gilliar01,CHO)"
"(gilliar01,PHO)"
"(gilmoar01,BOS)"
"(gilmoar01,CHI)"
"(gilmoar01,SAS)"
"(glennmi01,ATL)"
"(glennmi01,MIL)"
"(glennmi01,NYK)"
"(gloucge01,PHO)"
"(gminsmi01,BRK)"
"(gminsmi01,PHI)"
"(gondrgl01,DEN)"
"(gondrgr01,LAC)"
"(gondrgr01,PHO)"
"(gordola01,LAC)"
"(grahaor01,GSW)"
"(grandro01,BOS)"
"(grangst01,ATL)"
"(grangst01,CLE)"
"(grangst01,NYK)"
"(grantga01,LAC)"
"(grantgr01,PHO)"
"(grantha01,WAS)"
"(grantho01,CHI)"
"(gravebu01,CLE)"
"(grayeje01,MIL)"
"(grayst01,CHO)"
"(grayst01,IND)"
"(grayst01,NYK)"
"(graysy01,MIA)"
"(greenac01,LAL)"
"(greenda01,CHI)"
"(greenda01,DEN)"
"(greenda01,DET)"
"(greenda01,SAS)"
"(greenke01,NYK)"
"(greenke02,PHI)"
"(greenke02,WAS)"
"(greenri01,CHO)"
"(greenri01,IND)"
"(greenri01,MIL)"
"(greenri01,UTA)"
"(greensi02,CHI)"
"(greensi02,DET)"
"(greensi02,NYK)"
"(greensi02,ORL)"
"(gregocl01,LAC)"
"(gregocl01,WAS)"
"(greigjo01,OKC)"
"(greveke01,MIL)"
"(greveke01,WAS)"
"(griffda01,UTA)"
"(griffpa01,SAS)"
"(grossbo01,LAC)"
"(grossbo01,POR)"
"(grunfer01,NYK)"
"(grunfer01,SAC)"
"(gudmupe01,LAL)"
"(gudmupe01,POR)"
"(gudmupe01,SAS)"
"(haffnsc01,MIA)"
"(hagangl01,DET)"
"(haleyja01,BRK)"
"(haleyja01,CHI)"
"(hamilro01,POR)"
"(hammoto01,WAS)"
"(hansebo01,UTA)"
"(hanzlbi01,DEN)"
"(hanzlbi01,OKC)"
"(hardati01,GSW)"
"(hardyal01,DET)"
"(hardyal01,LAL)"
"(hardyja01,UTA)"
"(harpede01,DAL)"
"(harpemi01,POR)"
"(harpero01,CLE)"
"(harpero01,LAC)"
"(harrist01,DET)"
"(harrist01,GSW)"
"(harrist01,HOU)"
"(harrist01,LAC)"
"(hassejo01,DAL)"
"(hassejo01,GSW)"
"(hastisc01,ATL)"
"(hastisc01,DET)"
"(hastisc01,MIA)"
"(hastisc01,NYK)"
"(hawesst01,ATL)"
"(hawesst01,OKC)"
"(hawkihe01,PHI)"
"(hayesel01,HOU)"
"(hayesel01,WAS)"
"(hayesst01,CLE)"
"(hayesst01,DET)"
"(hayesst01,OKC)"
"(hayesst01,PHI)"
"(hayesst01,SAS)"
"(hayesst01,UTA)"
"(haywosp01,WAS)"
"(heardga01,LAC)"
"(hendece01,ATL)"
"(hendece01,MIL)"
"(hendeda01,PHI)"
"(hendege01,BOS)"
"(hendege01,DET)"
"(hendege01,MIL)"
"(hendege01,NYK)"
"(hendege01,OKC)"
"(hendege01,PHI)"
"(hendeje01,LAL)"
"(hendeje01,MIL)"
"(hendeke01,CLE)"
"(hendeke01,GSW)"
"(hendeto01,HOU)"
"(henryca01,SAC)"
"(henryco01,BOS)"
"(henryco01,HOU)"
"(henryco01,MIL)"
"(henryco01,SAC)"
"(herroke01,CLE)"
"(herroke01,DET)"
"(higgimi01,DEN)"
"(higgimi01,LAL)"
"(higgiro01,BRK)"
"(higgiro01,CHI)"
"(higgiro01,GSW)"
"(higgiro01,OKC)"
"(higgiro01,SAS)"
"(higgske01,DEN)"
"(highjo01,PHO)"
"(hillar01,ATL)"
"(hillar01,LAC)"
"(hillar01,MIL)"
"(hillar01,OKC)"
"(hinsoro01,BRK)"
"(hinsoro01,CLE)"
"(hinsoro01,PHI)"
"(hodgecr01,CHI)"
"(hodgecr01,LAC)"
"(hodgecr01,MIL)"
"(hodgecr01,PHO)"
"(hollabr01,LAL)"
"(hollabr01,MIL)"
"(hollabr01,WAS)"
"(hollili01,DET)"
"(hollili01,HOU)"
"(hollili01,LAC)"
"(hollili01,PHI)"
"(holtomi01,CHI)"
"(holtomi01,CHO)"
"(holtomi01,PHO)"
"(holtomi01,POR)"
"(hoppeda01,CHO)"
"(hoppeda01,GSW)"
"(hoppeda01,MIL)"
"(hopsode01,BRK)"
"(hordgce01,DEN)"
"(horfoti01,MIL)"
"(hornaje01,PHO)"
"(hortoed01,WAS)"
"(hubbaph01,CLE)"
"(hubbaph01,DET)"
"(hugheed01,DEN)"
"(hugheed01,UTA)"
"(hugheki01,CLE)"
"(hugheki01,DEN)"
"(hugheri01,SAS)"
"(humphja01,MIL)"
"(humphja01,PHO)"
"(hustoge01,CLE)"
"(hustoge01,DAL)"
"(hustoge01,GSW)"
"(hustoge01,LAC)"
"(iavarma01,PHI)"
"(iavarma01,SAS)"
"(iavarma01,UTA)"
"(irvinby01,POR)"
"(isselda01,DEN)"
"(jacksja01,BRK)"
"(jacksma01,NYK)"
"(jacksmi02,SAC)"
"(jacksmy01,DAL)"
"(jacksra01,IND)"
"(jacksto02,LAL)"
"(jackstr01,BOS)"
"(jackstr01,CHI)"
"(jackstr01,IND)"
"(jeelaab01,DAL)"
"(johnsav01,OKC)"
"(johnsbu01,HOU)"
"(johnscl01,IND)"
"(johnscl01,OKC)"
"(johnscl01,PHI)"
"(johnscl02,LAL)"
"(johnscl02,OKC)"
"(johnsde01,BOS)"
"(johnsde01,PHO)"
"(johnsed02,ATL)"
"(johnsed02,CLE)"
"(johnsed02,OKC)"
"(johnsed03,PHO)"
"(johnsed03,SAC)"
"(johnser01,UTA)"
"(johnsfr01,HOU)"
"(johnsfr01,WAS)"
"(johnsge02,ATL)"
"(johnsge02,BRK)"
"(johnsge02,OKC)"
"(johnsge02,SAS)"
"(johnsge03,IND)"
"(johnsge03,PHI)"
"(johnsge03,WAS)"
"(johnsji01,DET)"
"(johnsji01,SAS)"
"(johnsjo01,OKC)"
"(johnska01,CLE)"
"(johnske01,POR)"
"(johnske02,CLE)"
"(johnske02,PHO)"
"(johnsle01,DET)"
"(johnsle01,HOU)"
"(johnsma01,GSW)"
"(johnsma01,LAC)"
"(johnsma01,MIL)"
"(johnsma02,LAL)"
"(johnsmi01,BRK)"
"(johnsmi01,GSW)"
"(johnsmi01,MIL)"
"(johnsna01,POR)"
"(johnsna01,UTA)"
"(johnsol01,PHI)"
"(johnsre01,BRK)"
"(johnsre01,CLE)"
"(johnsre01,PHI)"
"(johnsre01,SAC)"
"(johnsre01,SAS)"
"(johnsst02,LAC)"
"(johnsst03,CHI)"
"(johnsst03,MIN)"
"(johnsst03,OKC)"
"(johnsst03,POR)"
"(johnsst03,SAC)"
"(johnsst03,SAS)"
"(johnsvi01,DET)"
"(johnsvi01,OKC)"
"(jonesan01,CHI)"
"(jonesan01,DAL)"
"(jonesan01,SAS)"
"(jonesan01,WAS)"
"(jonesbi01,BRK)"
"(jonesbo01,PHI)"
"(jonesca01,CHI)"
"(jonesca01,HOU)"
"(jonesca01,PHI)"
"(jonesca01,POR)"
"(jonesca01,SAS)"
"(jonesch01,CHI)"
"(jonesch01,PHI)"
"(jonesch01,WAS)"
"(jonesch02,PHO)"
"(jonesch02,POR)"
"(jonesch02,WAS)"
"(jonesdw01,CHI)"
"(jonesdw01,LAL)"
"(jonesea01,LAL)"
"(jonesea01,MIL)"
"(jonesed01,BRK)"
"(jonesed01,CLE)"
"(jonesed01,DET)"
"(jonesed01,SAS)"
"(joneshu01,LAC)"
"(jonesma01,DET)"
"(jonesma01,HOU)"
"(jonesma02,BRK)"
"(jonesoz01,LAC)"
"(jonesoz01,SAS)"
"(jonessh01,GSW)"
"(jonessh01,PHI)"
"(jonessh01,SAS)"
"(jordaed01,BRK)"
"(jordaed01,LAL)"
"(jordaed01,POR)"
"(jordami01,CHI)"
"(jordawa01,CLE)"
"(josepyv01,BRK)"
"(judkije01,DET)"
"(judkije01,POR)"
"(judkije01,UTA)"
"(keacl01,DAL)"
"(keeliha01,DAL)"
"(kelleri01,DEN)"
"(kelleri01,PHO)"
"(kelleri01,SAC)"
"(kelleri01,UTA)"
"(kellocl01,IND)"
"(kelsegr01,DET)"
"(kelsegr01,IND)"
"(kelsegr01,LAC)"
"(kelsegr01,OKC)"
"(kempsh01,OKC)"
"(kemptti01,CHO)"
"(kemptti01,DEN)"
"(kemptti01,LAC)"
"(kenonla01,CHI)"
"(kenonla01,CLE)"
"(kenonla01,GSW)"
"(kerrst01,CLE)"
"(kerrst01,PHO)"
"(kerseje01,POR)"
"(keysra01,CHO)"
"(keysra01,CLE)"
"(kimbrst01,DET)"
"(kinchch01,CLE)"
"(kinchch01,DAL)"
"(kingal01,BRK)"
"(kingal01,PHI)"
"(kingal01,SAS)"
"(kingbe01,GSW)"
"(kingbe01,NYK)"
"(kingbe01,WAS)"
"(kingre01,OKC)"
"(kingre01,SAC)"
"(kingst01,CHI)"
"(kitchcu01,OKC)"
"(kitegr01,BOS)"
"(kitegr01,CHO)"
"(kitegr01,LAC)"
"(kitegr01,SAC)"
"(kleinjo01,BOS)"
"(kleinjo01,SAC)"
"(knighbi01,IND)"
"(knighbi01,SAC)"
"(knighbi01,SAS)"
"(knighto01,NYK)"
"(kofoeba01,UTA)"
"(koncajo01,ATL)"
"(kopicjo01,DEN)"
"(kopicjo01,WAS)"
"(kornefr01,MIL)"
"(kramejo01,PHO)"
"(kreklwa01,BOS)"
"(krystla01,MIL)"
"(krystla01,SAS)"
"(kuczebr01,BRK)"
"(kuczebr01,IND)"
"(kuczebr01,PHI)"
"(kunneke01,POR)"
"(kupchmi01,LAL)"
"(kupchmi01,WAS)"
"(laceysa01,BRK)"
"(laceysa01,CLE)"
"(laceysa01,SAC)"
"(lagarto01,BRK)"
"(lagarto01,DAL)"
"(laimbbi01,CLE)"
"(laimbbi01,DET)"
"(lambejo01,CLE)"
"(lambejo01,SAC)"
"(lambejo01,SAS)"
"(lampje01,LAL)"
"(lampje01,MIL)"
"(lampje01,POR)"
"(lampje01,SAS)"
"(lamplji01,PHI)"
"(landsma01,ATL)"
"(landsma01,LAL)"
"(laneje01,DEN)"
"(langan01,PHO)"
"(laniebo01,MIL)"
"(lawreed01,DET)"
"(leaveal01,HOU)"
"(leboje01,SAS)"
"(leckner01,UTA)"
"(leeke01,BRK)"
"(leeke01,CLE)"
"(leero01,DET)"
"(leero02,LAC)"
"(legleti01,PHO)"
"(leonaga01,MIN)"
"(lesji01,LAC)"
"(lesji01,UTA)"
"(lestero01,CHI)"
"(lestero01,LAL)"
"(lettcl01,CHI)"
"(leverfa01,DEN)"
"(leverfa01,POR)"
"(levincl01,ATL)"
"(levincl01,DET)"
"(lewisra01,CHO)"
"(lewisra01,DET)"
"(lewisre01,BOS)"
"(lichtto01,DEN)"
"(lingest01,SAS)"
"(lingest01,WAS)"
"(listeal01,GSW)"
"(listeal01,MIL)"
"(listeal01,OKC)"
"(lloydle01,GSW)"
"(lloydle01,HOU)"
"(lloydle01,PHI)"
"(lloydsc01,DAL)"
"(lockhda01,SAS)"
"(lockro01,LAC)"
"(loderke01,LAC)"
"(loderke01,SAC)"
"(lohaubr01,BOS)"
"(lohaubr01,MIL)"
"(lohaubr01,MIN)"
"(lohaubr01,SAC)"
"(longgr01,MIA)"
"(longjo01,ATL)"
"(longjo01,DET)"
"(longjo01,IND)"
"(lowesi01,ATL)"
"(lowesi01,CHO)"
"(lowesi01,DET)"
"(lowesi01,IND)"
"(lowesi01,MIN)"
"(lucasjo01,GSW)"
"(lucasjo01,HOU)"
"(lucasjo01,MIL)"
"(lucasjo01,OKC)"
"(lucasjo01,SAS)"
"(lucasjo01,WAS)"
"(lucasma01,BRK)"
"(lucasma01,LAL)"
"(lucasma01,NYK)"
"(lucasma01,OKC)"
"(lucasma01,PHO)"
"(lucasma01,POR)"
"(macklru01,ATL)"
"(macklru01,NYK)"
"(mackol01,CHI)"
"(mackol01,DAL)"
"(macyky01,CHI)"
"(macyky01,IND)"
"(macyky01,PHO)"
"(magleda01,CLE)"
"(mahorri01,DET)"
"(mahorri01,PHI)"
"(mahorri01,WAS)"
"(majerda01,PHO)"
"(malonje01,WAS)"
"(malonka01,UTA)"
"(malonmo01,ATL)"
"(malonmo01,HOU)"
"(malonmo01,PHI)"
"(malonmo01,WAS)"
"(mannida01,LAC)"
"(mannipa01,ATL)"
"(mannipa01,BRK)"
"(mannipa01,DET)"
"(mannipa01,GSW)"
"(mannipa01,MIL)"
"(mannipa01,UTA)"
"(marblro01,ATL)"
"(marcisa01,GSW)"
"(martibi01,IND)"
"(martibi01,NYK)"
"(martibi01,PHO)"
"(martibr01,OKC)"
"(martibr01,POR)"
"(martife01,POR)"
"(martije01,LAC)"
"(martima01,DEN)"
"(masonan01,BRK)"
"(matthwe01,ATL)"
"(matthwe01,CHI)"
"(matthwe01,LAL)"
"(matthwe01,PHI)"
"(matthwe01,SAS)"
"(matthwe01,WAS)"
"(maxwece01,BOS)"
"(maxwece01,HOU)"
"(maxwece01,LAC)"
"(maxweve01,HOU)"
"(maxweve01,SAS)"
"(mayfibi01,GSW)"
"(maysc01,CHI)"
"(maysc01,DET)"
"(maysc01,MIL)"
"(mcadobo01,BRK)"
"(mcadobo01,DET)"
"(mcadobo01,LAL)"
"(mcadobo01,PHI)"
"(mccanbo01,DAL)"
"(mccanme01,LAL)"
"(mccaran01,WAS)"
"(mccladw01,IND)"
"(mccloge01,IND)"
"(mccorke01,WAS)"
"(mccorti01,BRK)"
"(mccorti01,HOU)"
"(mccorti01,OKC)"
"(mccorti01,PHI)"
"(mccraro01,HOU)"
"(mccraro01,SAC)"
"(mccrasc01,CLE)"
"(mccrasc01,OKC)"
"(mcculjo01,PHO)"
"(mcdanxa01,OKC)"
"(mcdonbe01,CLE)"
"(mcdonbe01,GSW)"
"(mcdowha01,GSW)"
"(mcdowha01,HOU)"
"(mcdowha01,LAC)"
"(mcdowha01,MIL)"
"(mcdowha01,POR)"
"(mcelrji01,ATL)"
"(mcgeemi01,ATL)"
"(mcgeemi01,BRK)"
"(mcgeemi01,LAL)"
"(mcgeemi01,PHO)"
"(mcgeemi01,SAC)"
"(mcginge01,IND)"
"(mchalke01,BOS)"
"(mckenfo01,SAS)"
"(mckenke01,BRK)"
"(mckenke01,IND)"
"(mckenke01,LAL)"
"(mckenke01,WAS)"
"(mckeyde01,OKC)"
"(mckinbi01,CHI)"
"(mckinbi01,DEN)"
"(mckinbi01,LAC)"
"(mckinbi01,UTA)"
"(mckinca01,LAC)"
"(mcmilna01,OKC)"
"(mcmilto01,ATL)"
"(mcmilto01,WAS)"
"(mcnamma01,LAL)"
"(mcnamma01,PHI)"
"(mcnamma01,SAC)"
"(mcnamma01,SAS)"
"(mcneach01,NYK)"
"(mcqueco01,DET)"
"(meentsc01,OKC)"
"(mengejo01,GSW)"
"(meriwjo01,SAC)"
"(michela01,HOU)"
"(michela01,MIL)"
"(michela01,SAC)"
"(millebo01,SAS)"
"(milledi01,IND)"
"(milledi01,UTA)"
"(millere01,IND)"
"(minnidi01,BOS)"
"(minnidi01,CLE)"
"(minnidi01,GSW)"
"(minnidi01,HOU)"
"(mitchmi01,CLE)"
"(mitchmi01,SAS)"
"(mitchsa01,MIN)"
"(mitchto01,MIA)"
"(mitchto01,SAS)"
"(mixst01,LAL)"
"(mixst01,MIL)"
"(mixst01,PHI)"
"(mokespa01,CLE)"
"(mokespa01,DET)"
"(mokespa01,MIL)"
"(moncrsi01,MIL)"
"(moorean01,DEN)"
"(moorean01,MIL)"
"(moorejo01,BRK)"
"(moorejo01,SAS)"
"(moorelo01,BRK)"
"(moorelo01,CLE)"
"(moorelo01,LAC)"
"(moorero01,DET)"
"(moorero01,PHO)"
"(morgagu01,IND)"
"(morrich01,BRK)"
"(morrimi01,PHO)"
"(mortojo01,CLE)"
"(mortori01,IND)"
"(mosspe01,GSW)"
"(mosspe01,PHI)"
"(mosspe01,WAS)"
"(mullich01,GSW)"
"(murphca01,HOU)"
"(murphja01,LAC)"
"(murphja01,WAS)"
"(murphro01,POR)"
"(murphto01,LAC)"
"(murphto01,MIN)"
"(myerspe01,BRK)"
"(myerspe01,CHI)"
"(myerspe01,NYK)"
"(myerspe01,PHI)"
"(myerspe01,SAS)"
"(nancela01,CLE)"
"(nancela01,PHO)"
"(natersw01,LAC)"
"(natersw01,LAL)"
"(nattca01,DEN)"
"(nattca01,IND)"
"(nattca01,POR)"
"(nattca01,SAS)"
"(nattke01,IND)"
"(nattke01,SAC)"
"(nattke01,UTA)"
"(nealcr01,MIA)"
"(nealcr01,POR)"
"(nealyed01,CHI)"
"(nealyed01,PHO)"
"(nealyed01,SAC)"
"(nealyed01,SAS)"
"(nesslma01,LAC)"
"(nesslma01,SAC)"
"(nevitch01,DET)"
"(nevitch01,HOU)"
"(nevitch01,LAL)"
"(newlimi01,BRK)"
"(newlimi01,NYK)"
"(newmajo01,CLE)"
"(newmajo01,NYK)"
"(nicksca01,CLE)"
"(nicksca01,DEN)"
"(nicksca01,UTA)"
"(nilesmi01,PHO)"
"(nimphku01,DAL)"
"(nimphku01,DET)"
"(nimphku01,LAC)"
"(nimphku01,PHI)"
"(nimphku01,SAS)"
"(nixdy01,IND)"
"(nixonno01,LAC)"
"(nixonno01,LAL)"
"(normake01,LAC)"
"(norriau01,POR)"
"(nuttde01,DAL)"
"(oaklech01,CHI)"
"(oaklech01,NYK)"
"(okoremi01,BRK)"
"(okoremi01,WAS)"
"(olajuha01,HOU)"
"(olberma01,CHI)"
"(olberma01,SAC)"
"(olberma01,SAS)"
"(oldhaja01,CHI)"
"(oldhaja01,DEN)"
"(oldhaja01,HOU)"
"(oldhaja01,LAL)"
"(oldhaja01,NYK)"
"(oldhaja01,ORL)"
"(oldhaja01,SAC)"
"(orrlo01,IND)"
"(orrlo01,NYK)"
"(ortizjo01,UTA)"
"(owensto01,DET)"
"(owensto01,IND)"
"(owensto01,POR)"
"(parisro01,BOS)"
"(parkeso01,GSW)"
"(paspaza01,SAS)"
"(patrimy01,LAL)"
"(paultbi01,ATL)"
"(paultbi01,HOU)"
"(paultbi01,SAS)"
"(paultbi01,UTA)"
"(paxsoji02,BOS)"
"(paxsoji02,POR)"
"(paxsojo01,CHI)"
"(paxsojo01,SAS)"
"(payneke01,PHI)"
"(pellosa01,ATL)"
"(pellosa01,MIL)"
"(perduwi01,CHI)"
"(perkisa01,DAL)"
"(perryti01,PHO)"
"(persoch01,IND)"
"(peterji01,GSW)"
"(peterji01,HOU)"
"(peterji01,SAC)"
"(petrodr01,POR)"
"(pheglro01,CLE)"
"(pheglro01,DAL)"
"(pheglro01,SAS)"
"(phelpmi01,LAC)"
"(phelpmi01,OKC)"
"(philled01,BRK)"
"(piercri01,DET)"
"(piercri01,LAC)"
"(piercri01,MIL)"
"(pietkst01,DAL)"
"(pietkst01,LAC)"
"(pincked01,BOS)"
"(pincked01,PHO)"
"(pincked01,SAC)"
"(pinonjo01,ATL)"
"(piotrto01,POR)"
"(pippesc01,CHI)"
"(pittmch01,PHO)"
"(plummga01,GSW)"
"(poleedw01,LAC)"
"(polynol01,OKC)"
"(popeda01,OKC)"
"(popeda01,SAC)"
"(popsoda01,LAC)"
"(popsoda01,MIA)"
"(poquebe01,CHI)"
"(poquebe01,CLE)"
"(poquebe01,UTA)"
"(porteke01,WAS)"
"(portete01,POR)"
"(pressdo01,CHI)"
"(pressdo01,WAS)"
"(pressha01,SAC)"
"(presspa01,MIL)"
"(pricema01,CLE)"
"(priceto01,LAC)"
"(quinnbr01,NYK)"
"(radfoma01,OKC)"
"(rainsed01,SAS)"
"(rambiku01,CHO)"
"(rambiku01,LAL)"
"(rambiku01,PHO)"
"(rankwa01,LAC)"
"(ranseke01,BRK)"
"(ranseke01,DAL)"
"(ranseke01,POR)"
"(rasmubl01,DEN)"
"(rautile01,ATL)"
"(rautile01,PHI)"
"(raycl01,GSW)"
"(rayja01,DEN)"
"(reidbi01,GSW)"
"(reidjr01,CHO)"
"(reidro01,CHO)"
"(reidro01,HOU)"
"(reidro01,POR)"
"(rellfri01,SAS)"
"(restake01,CLE)"
"(restake01,SAS)"
"(reynoje01,MIL)"
"(reynoje01,OKC)"
"(reynoje01,ORL)"
"(ricegl01,MIA)"
"(richacl01,IND)"
"(richacl01,PHI)"
"(richami01,BRK)"
"(richami01,GSW)"
"(richami01,NYK)"
"(richapo01,MIN)"
"(richmmi01,GSW)"
"(rivasra01,BOS)"
"(riverda01,LAC)"
"(riverda01,LAL)"
"(riverdo01,ATL)"
"(roberal01,MIL)"
"(roberal01,SAS)"
"(roberan01,DEN)"
"(roberan01,WAS)"
"(roberfr01,BOS)"
"(roberfr01,MIL)"
"(roberfr01,SAS)"
"(roberfr01,UTA)"
"(robeyri01,BOS)"
"(robeyri01,PHO)"
"(robinbi01,CLE)"
"(robinbi01,DAL)"
"(robinbi01,UTA)"
"(robincl01,BRK)"
"(robincl01,CLE)"
"(robincl01,PHI)"
"(robincl01,SAC)"
"(robincl01,WAS)"
"(robincl02,POR)"
"(robinda01,SAS)"
"(robinja01,CHI)"
"(robinol01,SAS)"
"(robintr01,NYK)"
"(robintr01,PHO)"
"(robinwa01,DET)"
"(robisda01,CLE)"
"(robisda01,DEN)"
"(robisda01,SAC)"
"(robisda01,SAS)"
"(rochejo01,DEN)"
"(rodmade01,DET)"
"(rogerjo01,CLE)"
"(rogerjo01,SAC)"
"(rollitr01,ATL)"
"(rollitr01,CLE)"
"(romarlo01,DET)"
"(romarlo01,GSW)"
"(romarlo01,MIL)"
"(rosero01,LAC)"
"(rothdo01,WAS)"
"(rothsc01,MIN)"
"(rothsc01,SAS)"
"(rothsc01,UTA)"
"(roundda01,ATL)"
"(roundda01,DET)"
"(roundda01,WAS)"
"(rowanro01,POR)"
"(rowinji01,DET)"
"(rowinji01,MIA)"
"(rowinji01,PHI)"
"(rowlade01,MIL)"
"(rowsobr01,CHO)"
"(rowsobr01,IND)"
"(royaldo01,MIN)"
"(ruddde01,UTA)"
"(rulanje01,PHI)"
"(rulanje01,WAS)"
"(russeca02,CLE)"
"(russeca02,NYK)"
"(russewa01,ATL)"
"(russewa01,DET)"
"(russewa01,IND)"
"(sallejo01,DET)"
"(sampsra01,GSW)"
"(sampsra01,HOU)"
"(sampsra01,SAC)"
"(sandefr01,SAC)"
"(sandeje01,CHI)"
"(sandemi01,CLE)"
"(sandemi01,IND)"
"(sandemi01,PHO)"
"(sandemi01,SAS)"
"(sapplwa01,BRK)"
"(scalede01,NYK)"
"(scalede01,WAS)"
"(schayda01,DEN)"
"(schayda01,UTA)"
"(schefto01,POR)"
"(schoeru01,IND)"
"(schoeru01,OKC)"
"(schoeru01,PHI)"
"(schrede01,DAL)"
"(schrede01,IND)"
"(schwejo01,DET)"
"(schwejo01,OKC)"
"(scottal01,PHO)"
"(scottby01,LAL)"
"(scurrca01,NYK)"
"(scurrca01,UTA)"
"(seikaro01,MIA)"
"(sellebr01,CHI)"
"(sellebr01,MIN)"
"(sellebr01,OKC)"
"(sewelto01,WAS)"
"(shackch01,BRK)"
"(shaskjo01,GSW)"
"(shaskjo01,MIA)"
"(shawbr01,BOS)"
"(sheltcr01,ATL)"
"(sheltlo01,CLE)"
"(sheltlo01,OKC)"
"(sheroed01,NYK)"
"(shortpu01,BRK)"
"(shortpu01,GSW)"
"(shortpu01,HOU)"
"(shousde01,PHI)"
"(shumajo01,OKC)"
"(shumajo01,SAS)"
"(sichtje01,BOS)"
"(sichtje01,CHO)"
"(sichtje01,IND)"
"(sichtje01,MIL)"
"(sichtje01,POR)"
"(sikmaja01,MIL)"
"(sikmaja01,OKC)"
"(silasja01,CLE)"
"(silasja01,SAS)"
"(singlmc01,NYK)"
"(sittoch01,DAL)"
"(skilesc01,IND)"
"(skilesc01,MIL)"
"(skilesc01,ORL)"
"(slaugjo01,IND)"
"(slubyto01,DAL)"
"(smartke01,SAS)"
"(smithch01,LAC)"
"(smithch02,BOS)"
"(smithcl01,GSW)"
"(smithde02,GSW)"
"(smithde02,LAC)"
"(smithde02,PHI)"
"(smithde02,SAC)"
"(smithji01,DET)"
"(smithji01,LAC)"
"(smithke01,ATL)"
"(smithke01,SAC)"
"(smithke03,MIL)"
"(smithla01,GSW)"
"(smithla01,HOU)"
"(smithmi01,BOS)"
"(smithot01,DEN)"
"(smithot01,GSW)"
"(smithot01,ORL)"
"(smithph01,LAC)"
"(smithph01,OKC)"
"(smithra01,ATL)"
"(smithra01,CLE)"
"(smithra01,LAC)"
"(smithra01,NYK)"
"(smithro01,CLE)"
"(smithro01,LAC)"
"(smithro01,MIL)"
"(smithro01,SAS)"
"(smitsri01,IND)"
"(smrekmi01,CHI)"
"(smrekmi01,GSW)"
"(smrekmi01,LAL)"
"(smrekmi01,SAS)"
"(soberri01,CHI)"
"(soberri01,OKC)"
"(soberri01,WAS)"
"(spanaji01,DAL)"
"(sparrro01,ATL)"
"(sparrro01,BRK)"
"(sparrro01,CHI)"
"(sparrro01,MIA)"
"(sparrro01,NYK)"
"(sprigla01,CHI)"
"(sprigla01,HOU)"
"(sprigla01,LAL)"
"(stacoke01,MIL)"
"(stanste01,IND)"
"(stanste01,OKC)"
"(starkjo01,GSW)"
"(stephev01,IND)"
"(steppbr01,DET)"
"(steppbr01,IND)"
"(steppbr01,POR)"
"(steppbr01,SAC)"
"(stipast01,IND)"
"(stivral01,OKC)"
"(stockjo01,UTA)"
"(stokegr01,PHI)"
"(stokegr01,SAC)"
"(stricro02,NYK)"
"(stricro02,SAS)"
"(stroejo01,GSW)"
"(stroejo01,MIL)"
"(stroejo01,SAS)"
"(stroujo01,HOU)"
"(sumptba01,LAC)"
"(sundvjo01,MIA)"
"(sundvjo01,OKC)"
"(sundvjo01,SAS)"
"(suttlda01,SAC)"
"(tarplro01,DAL)"
"(tayloan01,MIA)"
"(taylobr01,LAC)"
"(tayloja01,BRK)"
"(tayloje01,DET)"
"(tayloje01,HOU)"
"(taylole01,GSW)"
"(taylovi01,NYK)"
"(teaglte01,DET)"
"(teaglte01,GSW)"
"(teaglte01,HOU)"
"(terryca01,WAS)"
"(theusre01,ATL)"
"(theusre01,CHI)"
"(theusre01,ORL)"
"(theusre01,SAC)"
"(thibepe01,GSW)"
"(thirdda01,BOS)"
"(thirdda01,DET)"
"(thirdda01,MIL)"
"(thirdda01,PHO)"
"(thirdda01,SAS)"
"(thomais01,DET)"
"(thomaji01,IND)"
"(thomaji01,LAC)"
"(thompbe01,HOU)"
"(thompbe01,PHO)"
"(thompbe01,POR)"
"(thompbi01,LAL)"
"(thompbi01,MIA)"
"(thompco01,DAL)"
"(thompda01,DEN)"
"(thompda01,OKC)"
"(thompla01,IND)"
"(thompla01,SAC)"
"(thompmy01,LAL)"
"(thompmy01,POR)"
"(thompmy01,SAS)"
"(thomppa01,CLE)"
"(thomppa01,MIL)"
"(thomppa01,PHI)"
"(thornbo01,NYK)"
"(thornbo01,PHI)"
"(thorpot01,HOU)"
"(thorpot01,SAC)"
"(threase01,CHI)"
"(threase01,OKC)"
"(threase01,PHI)"
"(tillida01,BOS)"
"(tillida01,CLE)"
"(tillida01,GSW)"
"(tisdawa01,IND)"
"(tisdawa01,SAC)"
"(tolbera01,ATL)"
"(tolbera01,BRK)"
"(tolbera01,DET)"
"(tolbera01,LAL)"
"(tolbera01,NYK)"
"(tolbera01,OKC)"
"(tolbeto01,CHO)"
"(tolbeto01,GSW)"
"(tomjaru01,HOU)"
"(toneyan01,PHI)"
"(toneyse01,ATL)"
"(toneyse01,IND)"
"(toneyse01,NYK)"
"(toneyse01,PHO)"
"(toneyse01,SAC)"
"(towneli01,LAC)"
"(towneli01,MIL)"
"(towneli01,POR)"
"(towneli01,SAS)"
"(townsra01,IND)"
"(tripuke01,CHO)"
"(tripuke01,DET)"
"(tripuke01,UTA)"
"(tucketr01,NYK)"
"(turnean01,BOS)"
"(turnean01,CHO)"
"(turnean01,HOU)"
"(turnean01,LAC)"
"(turnean01,MIL)"
"(turneel01,CHI)"
"(turneel01,DAL)"
"(turneel01,DEN)"
"(turnehe02,SAC)"
"(turneje01,BRK)"
"(turneje01,ORL)"
"(turpime01,CLE)"
"(turpime01,UTA)"
"(turpime01,WAS)"
"(tylerte01,DAL)"
"(tylerte01,DET)"
"(tylerte01,SAC)"
"(unselwe01,WAS)"
"(upshake01,BOS)"
"(upshake01,DAL)"
"(upshake01,GSW)"
"(upshake01,MIA)"
"(valenda01,CLE)"
"(valenda01,LAC)"
"(valenda01,POR)"
"(valenro01,DEN)"
"(vanbrja01,BRK)"
"(vandeki01,DEN)"
"(vandeki01,NYK)"
"(vandeki01,POR)"
"(vanosni01,PHO)"
"(verhope01,GSW)"
"(verhope01,IND)"
"(verhope01,POR)"
"(verhope01,SAC)"
"(vinceja01,DAL)"
"(vinceja01,DEN)"
"(vinceja01,LAL)"
"(vinceja01,PHI)"
"(vinceja01,SAS)"
"(vinceja01,WAS)"
"(vincesa01,BOS)"
"(vincesa01,CHI)"
"(vincesa01,OKC)"
"(vincesa01,ORL)"
"(vocega01,CLE)"
"(volkoal01,ATL)"
"(vraneda01,OKC)"
"(vraneda01,PHI)"
"(vromabr01,UTA)"
"(wadema01,DAL)"
"(wadema01,GSW)"
"(wagnemi01,LAL)"
"(waitegr01,CHI)"
"(waitegr01,HOU)"
"(waitegr01,IND)"
"(walkeda01,DEN)"
"(walkeda01,NYK)"
"(walkeda01,WAS)"
"(walkefo01,BRK)"
"(walkeke01,NYK)"
"(walkewa01,HOU)"
"(walkewa01,OKC)"
"(walleja01,BRK)"
"(waltobi01,BOS)"
"(waltobi01,LAC)"
"(waltoll01,SAC)"
"(warribr01,IND)"
"(warribr01,LAC)"
"(warribr01,MIL)"
"(warribr01,WAS)"
"(washbch01,ATL)"
"(washbch01,GSW)"
"(washidu01,BRK)"
"(washike01,GSW)"
"(washike01,POR)"
"(washipe01,BRK)"
"(washipe01,MIA)"
"(washiri01,CLE)"
"(washiri01,DAL)"
"(webbsp01,ATL)"
"(webstma01,MIL)"
"(webstma01,NYK)"
"(wedmasc01,BOS)"
"(wedmasc01,CLE)"
"(wedmasc01,SAC)"
"(weidnbr01,SAS)"
"(welpch01,GSW)"
"(welpch01,PHI)"
"(welpch01,SAS)"
"(wennibi01,DAL)"
"(westdo01,MIN)"
"(westma01,CLE)"
"(westma01,DAL)"
"(westma01,MIL)"
"(westma01,PHO)"
"(westppa01,NYK)"
"(westppa01,OKC)"
"(westppa01,PHO)"
"(whatlen01,ATL)"
"(whatlen01,CHI)"
"(whatlen01,CLE)"
"(whatlen01,LAC)"
"(whatlen01,SAS)"
"(whatlen01,WAS)"
"(wheelcl01,IND)"
"(wheelcl01,MIA)"
"(wheelcl01,POR)"
"(whiteer01,LAC)"
"(whiteer01,UTA)"
"(whiteje01,CLE)"
"(whiteje01,DAL)"
"(whiteje01,GSW)"
"(whiteje01,LAC)"
"(whiteje01,SAS)"
"(whitejo01,SAC)"
"(whitera01,DAL)"
"(whitero01,LAC)"
"(whitero01,MIL)"
"(whitero01,PHO)"
"(whiteru01,GSW)"
"(whiteru01,OKC)"
"(whiteto01,CHI)"
"(whiteto01,GSW)"
"(whiteto01,NYK)"
"(whitewi01,DEN)"
"(whitnha02,SAC)"
"(wickssi01,LAC)"
"(wiggimi01,CHI)"
"(wiggimi01,HOU)"
"(wileymi01,LAC)"
"(wileymi01,SAS)"
"(wileymo01,DAL)"
"(wileymo01,ORL)"
"(wilkebo01,CHI)"
"(wilkebo01,CLE)"
"(wilkeja01,LAC)"
"(wilkeja01,LAL)"
"(wilkeja02,CHI)"
"(wilkeja02,DET)"
"(wilkida01,DET)"
"(wilkida01,LAC)"
"(wilkido01,ATL)"
"(wilkied01,NYK)"
"(wilkige01,NYK)"
"(wilkije01,SAS)"
"(wilkije01,UTA)"
"(willibu01,BRK)"
"(willibu01,POR)"
"(willifr01,ATL)"
"(willifr01,LAC)"
"(willifr01,UTA)"
"(willifr01,WAS)"
"(willigu01,ATL)"
"(willigu01,OKC)"
"(willigu01,WAS)"
"(willigu02,GSW)"
"(willigu02,WAS)"
"(willihe01,DAL)"
"(willihe01,IND)"
"(williho01,CLE)"
"(willijo01,WAS)"
"(willijo02,WAS)"
"(willike01,BRK)"
"(willike01,CLE)"
"(willike01,LAC)"
"(willike01,OKC)"
"(willike01,SAS)"
"(willike02,ATL)"
"(willimi02,CHO)"
"(willimi02,DET)"
"(willimi02,PHO)"
"(willimi03,ATL)"
"(willimi03,SAC)"
"(willipe01,DEN)"
"(willira01,ATL)"
"(willira01,BOS)"
"(willira01,BRK)"
"(willira01,NYK)"
"(willira01,SAC)"
"(willira01,SAS)"
"(willire01,CLE)"
"(willire01,LAC)"
"(willire01,SAS)"
"(williri01,UTA)"
"(williro02,DEN)"
"(willisa02,GSW)"
"(willisa02,PHI)"
"(willisl01,ATL)"
"(willisl01,BOS)"
"(willisl01,NYK)"
"(willobi01,BRK)"
"(willobi01,HOU)"
"(willobi01,SAS)"
"(wilsomi01,ATL)"
"(wilsomi01,BRK)"
"(wilsomi01,CLE)"
"(wilsomi01,WAS)"
"(wilsoni01,POR)"
"(wilsoot01,GSW)"
"(wilsoot01,SAC)"
"(wilsori02,BRK)"
"(wilsori02,SAS)"
"(wingada01,PHI)"
"(wingada01,SAS)"
"(winslri01,MIL)"
"(wintebr01,MIL)"
"(wintevo01,PHI)"
"(wittmra01,ATL)"
"(wittmra01,IND)"
"(wittmra01,SAC)"
"(wittsga01,WAS)"
"(wolfjo01,LAC)"
"(woodal01,ATL)"
"(woodal01,DAL)"
"(woodal01,LAC)"
"(woodal01,OKC)"
"(woodda01,CHI)"
"(woodho01,UTA)"
"(woodle01,ATL)"
"(woodle01,BRK)"
"(woodle01,PHI)"
"(woodle01,SAS)"
"(woodle01,WAS)"
"(woodsmi01,BRK)"
"(woodsmi01,HOU)"
"(woodsmi01,LAC)"
"(woodsmi01,NYK)"
"(woodsmi01,SAC)"
"(woolror01,BRK)"
"(woolror01,CHI)"
"(woolror01,LAL)"
"(workmha01,ATL)"
"(worthja01,LAL)"
"(worthsa01,CHI)"
"(worthsa01,UTA)"
"(wrighbr01,DEN)"
"(wrighbr01,NYK)"
"(wrighla01,DET)"
"(yonakri01,SAS)"
"(youngda01,OKC)"
"(youngda01,POR)"
"(youngmi01,LAC)"
"(youngmi01,PHI)"
"(youngmi01,PHO)"
"(youngpe01,CHI)"
"(youngpe01,POR)"
"(zevenph01,SAS)"
"(zoetji01,DET)"
